game_id,team,q1_fg,q1_3p,q1_ft,q2_fg,q2_3p,q2_ft,q3_fg,q3_3p,q3_ft,q4_fg,q4_3p,q4_ft,ot1_fg,ot1_3p,ot1_ft,total_fg,total_3p,total_ft,technical_fouls,second_chance_pts,scores_tied,pts_in_paint,fast_break_pts,lead_changes,pts_off_turnovers,bench_pts
2023-11-01_hawaii_hawaii_hilo,Hawaii Hilo,1-11,0-3,3-4,4-10,1-4,3-7,5-15,1-2,0-0,4-15,3-7,0-0,,,,14-51,5-16,6-11,0,9,1,16,2,1,5,15
2023-11-01_hawaii_hawaii_hilo,Hawaii,9-18,4-9,0-0,4-9,1-4,6-10,7-18,2-7,3-4,3-14,1-4,4-6,,,,23-59,8-24,13-20,0,9,1,28,14,1,20,27
2023-11-02_cal_poly_simpson_ca,Simpson (CA),1-8,0-5,1-4,0-13,0-4,4-6,3-11,1-5,0-0,1-9,0-5,2-4,,,,5-41,1-19,7-14,0,2,0,6,2,0,2,5
2023-11-02_cal_poly_simpson_ca,Cal Poly,5-14,3-7,2-2,5-11,1-3,5-7,8-17,1-2,0-0,10-15,2-3,0-0,,,,28-57,7-15,7-9,0,15,0,34,17,0,30,29
2023-11-02_csu_bakersfield_hope_intl,Hope Int'l,5-19,3-12,0-0,3-21,1-4,1-2,9-15,3-6,3-3,6-20,2-9,2-4,,,,23-75,9-31,6-9,0,14,5,24,3,5,6,20
2023-11-02_csu_bakersfield_hope_intl,CSU Bakersfield,5-20,2-11,2-2,8-18,4-7,2-2,6-17,3-10,1-2,3-15,3-8,11-14,,,,22-70,12-36,16-20,0,7,5,18,15,5,19,31
2023-11-06_uc_davis_academy_of_art,Academy of Art,2-11,2-5,1-2,8-15,2-3,0-0,5-15,0-5,1-5,5-15,2-10,4-8,,,,20-56,6-23,6-15,0,0,0,24,3,0,6,13
2023-11-06_uc_davis_academy_of_art,UC Davis,9-19,3-8,1-2,10-17,4-10,6-8,9-18,5-12,2-4,10-22,3-7,2-3,,,,38-76,15-37,11-17,0,23,0,44,21,0,26,37
2023-11-06_uc_san_diego_california_baptist,California Baptist,5-14,2-9,3-4,9-13,3-5,3-4,6-11,1-4,0-0,3-10,1-7,5-9,,,,23-48,7-25,11-17,0,3,2,30,4,4,14,21
2023-11-06_uc_san_diego_california_baptist,UC San Diego,5-15,1-6,0-1,5-19,2-9,2-4,5-15,1-7,4-6,4-16,1-7,1-2,,,,19-65,5-29,7-13,0,13,2,24,3,4,18,5
2023-11-06_washington_st_cal_poly,Cal Poly,9-14,3-5,2-2,4-13,2-4,1-2,4-14,1-3,0-1,5-16,2-2,6-8,,,,22-57,8-14,9-13,0,16,10,18,0,10,12,23
2023-11-06_washington_st_cal_poly,Washington St.,5-12,3-6,4-6,4-16,3-10,3-4,9-16,2-4,3-7,8-12,2-5,6-8,,,,26-56,10-25,16-25,0,13,10,30,17,10,15,22
2023-11-06_csun_utah_st,Utah St.,7-17,0-2,2-5,4-12,0-4,2-4,7-18,0-5,6-10,7-13,0-3,4-6,,,,25-60,0-14,14-25,0,21,3,44,10,3,17,36
2023-11-06_csun_utah_st,CSUN,8-17,5-12,0-2,8-18,0-7,6-8,6-20,1-6,0-0,7-13,3-6,6-10,,,,29-68,9-31,12-20,0,13,3,34,20,3,19,40
2023-11-06_california_csu_bakersfield,CSU Bakersfield,4-13,2-6,2-4,3-19,1-4,4-6,6-20,1-6,2-2,7-14,2-3,2-4,,,,20-66,6-19,10-16,0,10,0,24,4,0,9,19
2023-11-06_california_csu_bakersfield,California,10-18,3-5,0-0,7-15,2-5,1-3,9-19,3-11,1-2,8-15,3-8,8-10,,,,34-67,11-29,10-15,0,7,0,40,15,0,18,38
2023-11-06_smu_uc_riverside,UC Riverside,3-13,0-6,2-2,7-16,3-10,0-0,8-22,2-7,3-4,3-13,0-2,3-6,,,,21-64,5-25,8-12,0,11,1,24,7,0,18,6
2023-11-06_smu_uc_riverside,SMU,5-15,3-7,3-4,8-14,1-3,4-5,6-15,1-4,3-3,10-12,2-2,3-7,,,,29-56,7-16,13-19,0,6,1,34,17,0,15,19
2023-11-07_pepperdine_uc_irvine,UC Irvine,9-18,3-5,1-1,3-11,0-1,2-2,2-17,2-9,7-8,4-17,1-7,6-11,,,,18-63,6-22,16-22,0,16,0,24,6,1,14,12
2023-11-07_pepperdine_uc_irvine,Pepperdine,5-13,0-2,0-1,7-15,2-5,1-2,9-14,4-5,2-3,4-8,1-2,3-5,,,,25-50,7-14,6-11,0,4,0,30,6,1,20,15
2023-11-07_uc_santa_barbara_san_francisco,San Francisco,4-16,3-10,3-4,6-14,3-7,5-6,9-18,3-9,5-9,7-14,1-2,0-0,,,,26-62,10-28,13-19,0,5,1,30,6,0,9,12
2023-11-07_uc_santa_barbara_san_francisco,UC Santa Barbara,11-16,1-4,8-10,10-20,2-7,0-0,5-14,1-3,2-2,8-17,5-10,0-0,,,,34-67,9-24,10-12,0,4,1,40,0,0,21,24
2023-11-08_stanford_hawaii,Hawaii,5-16,1-4,1-1,2-13,1-4,5-8,3-16,2-6,0-0,3-13,0-3,4-5,,,,13-58,4-17,10-14,0,0,0,14,2,0,2,11
2023-11-08_stanford_hawaii,Stanford,8-18,0-2,8-8,8-16,3-5,3-3,8-15,0-3,4-4,8-17,1-7,4-5,,,,32-66,4-17,19-20,0,14,0,46,12,0,13,37
2023-11-08_uc_san_diego_life_pacific,LIFE Pacific,3-13,0-4,1-1,5-15,1-4,0-0,2-14,0-10,0-0,3-15,2-10,2-2,,,,13-57,3-28,3-3,0,0,0,18,3,0,0,10
2023-11-08_uc_san_diego_life_pacific,UC San Diego,8-16,2-6,0-0,8-18,2-5,3-6,6-18,2-8,6-7,13-25,2-5,1-2,,,,35-77,8-24,10-15,0,23,0,54,10,0,30,53
2023-11-08_idaho_cal_poly,Cal Poly,7-17,1-3,2-2,4-14,1-2,7-8,6-14,2-4,3-3,4-11,0-1,7-8,,,,21-56,4-10,19-21,11,18,2,30,4,2,5,13
2023-11-08_idaho_cal_poly,Idaho,6-15,2-6,0-0,4-16,2-9,5-6,3-14,2-6,3-4,4-12,2-6,5-8,,,,17-57,8-27,13-18,1,9,2,16,8,2,18,19
2023-11-08_long_beach_st_biola,Biola,3-15,2-8,4-4,8-20,2-8,2-2,5-13,2-4,4-5,5-14,2-9,2-4,,,,21-62,8-29,12-15,0,7,0,20,2,0,19,12
2023-11-08_long_beach_st_biola,Long Beach St.,11-21,3-6,3-4,4-15,1-5,5-6,6-14,1-6,4-6,11-16,1-4,0-1,,,,32-66,6-21,12-17,0,12,0,44,28,0,25,35
2023-11-09_uc_davis_portland_st,Portland St.,10-15,2-5,0-0,6-10,1-2,6-12,6-15,1-7,3-5,4-11,1-6,5-8,,,,26-51,5-20,14-25,0,8,2,40,12,0,18,5
2023-11-09_uc_davis_portland_st,UC Davis,5-15,0-4,2-2,3-17,2-8,0-2,11-18,5-10,1-2,5-12,1-4,3-4,,,,24-62,8-26,6-10,0,12,2,30,12,0,16,19
2023-11-09_csun_seattle_u,Seattle U,11-19,1-4,1-3,4-16,3-7,2-2,4-8,1-4,5-6,5-12,1-6,4-4,,,,24-55,6-21,12-15,1,10,2,36,18,1,22,16
2023-11-09_csun_seattle_u,CSUN,4-20,0-8,0-0,5-14,1-6,2-2,8-17,1-5,5-10,7-21,2-9,7-8,,,,24-72,4-28,14-20,0,16,2,36,25,1,30,31
2023-11-09_ucla_uc_riverside,UC Riverside,1-17,0-9,0-0,7-16,3-7,1-2,7-15,2-4,0-0,6-16,1-6,3-5,,,,21-64,6-26,4-7,0,4,0,18,6,0,7,13
2023-11-09_ucla_uc_riverside,UCLA,9-20,3-10,4-4,8-12,2-4,6-8,5-17,1-7,2-3,11-14,5-7,1-1,,,,33-63,11-28,13-16,0,22,0,42,15,0,11,12
2023-11-10_pacific_cal_st_fullerton,Cal St. Fullerton,6-18,1-3,4-4,5-17,0-4,2-5,7-17,1-4,2-3,4-14,0-3,3-4,,,,22-66,2-14,11-16,0,6,5,30,6,3,15,14
2023-11-10_pacific_cal_st_fullerton,Pacific,9-18,1-5,3-3,7-13,1-3,2-3,9-13,4-5,5-7,2-10,1-4,2-2,,,,27-54,7-17,12-15,0,3,5,32,3,3,10,26
2023-11-11_santa_clara_hawaii,Hawaii,4-9,2-6,0-0,4-11,1-2,5-6,3-12,2-7,3-8,5-8,2-2,4-4,,,,16-40,7-17,12-18,0,3,1,16,4,2,8,19
2023-11-11_santa_clara_hawaii,Santa Clara,7-12,1-1,9-9,3-11,0-4,0-0,5-13,0-1,3-6,6-16,2-5,5-6,,,,21-52,3-11,17-21,0,7,1,30,7,2,28,22
2023-11-11_uc_irvine_seattle_u,Seattle U,2-11,0-2,1-2,1-11,0-6,5-6,7-13,1-3,0-2,3-11,1-5,9-11,,,,13-46,2-16,15-21,0,9,1,20,7,0,20,13
2023-11-11_uc_irvine_seattle_u,UC Irvine,5-16,2-8,3-5,9-17,0-5,3-3,10-12,5-6,0-1,4-12,0-5,5-6,,,,28-57,7-24,11-15,0,13,1,40,13,0,31,36
2023-11-11_san_jose_st_cal_poly,Cal Poly,4-9,2-7,1-2,4-9,2-6,0-0,5-8,1-3,4-5,8-17,4-9,0-2,,,,21-43,9-25,5-9,1,3,6,20,3,3,19,24
2023-11-11_san_jose_st_cal_poly,San Jose St.,4-15,1-5,2-4,4-16,1-6,3-3,10-18,3-4,2-2,3-10,1-3,6-6,,,,21-59,6-18,13-15,0,15,6,30,6,3,23,21
2023-11-12_saint_marys_ca_uc_san_diego,UC San Diego,5-15,0-5,3-4,4-13,2-8,2-2,1-13,1-7,2-2,5-10,1-4,10-13,3-8,1-3,0-3,18-59,5-27,17-24,0,11,10,22,5,9,15,9
2023-11-12_saint_marys_ca_uc_san_diego,Saint Mary's (CA),4-12,3-9,1-2,7-12,2-3,2-2,5-11,0-5,0-0,3-10,0-3,5-6,3-7,0-1,4-5,22-52,5-21,12-15,0,6,10,34,7,9,11,26
2023-11-12_long_beach_st_nevada,Nevada,5-20,1-4,5-8,4-21,0-4,5-6,8-19,1-5,2-2,3-19,0-6,3-6,,,,20-79,2-19,15-22,0,13,5,32,10,13,19,29
2023-11-12_long_beach_st_nevada,Long Beach St.,3-12,1-4,7-11,5-11,1-3,5-8,9-16,0-3,5-5,10-17,1-4,5-6,,,,27-56,3-14,22-30,0,8,5,44,11,13,18,38
2023-11-12_sacramento_st_cal_st_fullerton,Cal St. Fullerton,5-13,0-4,5-6,6-14,2-5,4-4,4-15,0-5,7-10,4-12,2-5,3-4,,,,19-54,4-19,19-24,0,13,1,24,9,0,12,25
2023-11-12_sacramento_st_cal_st_fullerton,Sacramento St.,3-8,1-3,0-2,5-12,1-5,7-9,5-17,1-7,4-4,4-16,0-10,3-4,,,,17-53,3-25,14-19,1,12,1,28,2,0,11,23
2023-11-12_pacific_csu_bakersfield,CSU Bakersfield,7-19,1-7,1-1,3-14,2-6,1-2,5-17,2-5,1-4,6-15,3-10,1-2,,,,21-65,8-28,4-9,0,4,3,22,5,5,10,21
2023-11-12_pacific_csu_bakersfield,Pacific,4-20,0-4,6-9,8-18,0-4,1-1,8-14,2-5,3-4,5-14,1-4,4-5,,,,25-66,3-17,14-19,0,16,3,30,6,5,10,15
2023-11-13_san_diego_st_uc_davis,UC Davis,9-16,2-5,1-4,7-13,0-2,0-0,9-20,1-8,1-1,4-17,2-6,3-3,,,,29-66,5-21,5-8,0,12,8,48,9,8,8,7
2023-11-13_san_diego_st_uc_davis,San Diego St.,8-16,2-3,6-6,6-14,2-3,1-1,3-16,2-4,4-6,6-14,2-5,12-13,,,,23-60,8-15,23-26,0,5,8,24,15,8,13,15
2023-11-13_california_cal_poly,Cal Poly,6-10,0-1,0-0,2-8,1-3,5-6,7-17,2-7,4-7,7-13,1-2,3-3,,,,22-48,4-13,12-16,1,15,0,34,6,0,16,34
2023-11-13_california_cal_poly,California,10-17,7-9,2-2,4-16,2-8,3-4,1-14,0-6,8-9,9-15,1-3,3-4,,,,24-62,10-26,16-19,1,7,0,24,19,0,37,18
2023-11-14_saint_marys_ca_uc_irvine,UC Irvine,3-12,0-5,2-2,5-12,1-3,3-3,4-15,0-6,3-4,2-12,0-7,0-0,,,,14-51,1-21,8-9,0,9,0,22,4,0,8,19
2023-11-14_saint_marys_ca_uc_irvine,Saint Mary's (CA),8-13,1-3,2-2,3-11,0-2,1-2,5-10,3-6,4-6,4-11,0-3,1-2,,,,20-45,4-14,8-12,0,4,0,30,11,0,10,20
2023-11-14_santa_clara_csun,CSUN,3-17,1-7,1-2,5-16,1-5,1-2,5-13,0-3,0-2,3-11,1-6,2-4,,,,16-57,3-21,4-10,0,2,0,22,8,0,10,13
2023-11-14_santa_clara_csun,Santa Clara,8-20,5-10,2-2,6-13,3-6,3-4,6-15,1-7,4-4,4-18,2-5,3-5,,,,24-66,11-28,12-15,0,17,0,22,12,0,14,35
2023-11-15_uc_san_diego_la_sierra,La Sierra,4-14,1-7,0-0,6-14,1-7,1-1,2-8,1-2,3-4,3-9,1-3,2-2,,,,15-45,4-19,6-7,0,6,0,16,5,0,17,15
2023-11-15_uc_san_diego_la_sierra,UC San Diego,8-20,4-11,2-4,8-16,2-6,6-9,11-18,3-7,4-4,7-8,0-0,5-6,,,,34-62,9-24,17-23,0,11,0,50,14,0,49,45
2023-11-15_idaho_st_uc_santa_barbara,UC Santa Barbara,5-15,2-6,2-2,5-12,2-5,2-4,5-11,1-2,8-12,6-16,3-8,2-4,,,,21-54,8-21,14-22,1,8,16,20,11,15,23,18
2023-11-15_idaho_st_uc_santa_barbara,Idaho St.,5-15,0-2,3-3,6-20,0-2,1-2,7-16,2-3,5-5,6-11,1-1,10-11,,,,24-62,3-8,19-21,0,14,16,38,6,15,8,27
2023-11-15_california_baptist_long_beach_st,Long Beach St.,7-21,1-6,0-0,4-14,2-6,5-8,5-15,2-6,7-10,9-16,2-5,2-2,,,,25-66,7-23,14-20,0,4,2,34,12,3,19,32
2023-11-15_california_baptist_long_beach_st,California Baptist,6-18,1-8,4-6,7-16,1-9,8-8,9-24,5-14,0-0,5-11,3-7,6-11,,,,27-69,10-38,18-25,0,9,2,34,21,3,15,23
2023-11-15_boise_st_uc_riverside,UC Riverside,6-19,3-5,0-2,6-18,1-7,2-4,5-13,1-3,1-2,2-10,0-2,9-11,,,,19-60,5-17,12-19,0,17,2,20,4,5,17,15
2023-11-15_boise_st_uc_riverside,Boise St.,4-13,3-7,2-2,5-13,3-5,2-2,4-10,0-1,4-9,7-15,4-8,5-6,,,,20-51,10-21,13-19,0,12,2,18,4,5,13,12
2023-11-16_stanford_cal_poly,Cal Poly,4-13,0-2,0-0,3-18,1-6,0-0,3-17,1-6,0-0,5-18,0-3,0-0,,,,15-66,2-17,0-0,0,4,1,16,0,1,11,9
2023-11-16_stanford_cal_poly,Stanford,8-14,3-5,3-4,8-13,5-9,10-11,7-14,0-3,6-8,5-12,3-8,0-0,,,,28-53,11-25,19-23,0,14,1,28,16,1,15,40
2023-11-17_oregon_st_uc_davis,UC Davis,4-16,2-7,0-0,3-16,1-10,1-2,4-15,2-8,3-4,6-16,4-9,1-2,,,,17-63,9-34,5-8,0,0,1,12,0,3,15,12
2023-11-17_oregon_st_uc_davis,Oregon St.,8-15,3-7,4-6,9-14,1-2,4-5,8-16,3-5,4-4,7-13,3-4,0-0,,,,32-58,10-18,12-15,0,7,1,40,10,3,9,42
2023-11-17_hawaii_san_francisco,San Francisco,5-15,2-7,0-0,5-16,1-7,4-5,2-17,0-5,4-5,7-16,1-5,1-3,,,,19-64,4-24,9-13,0,7,2,24,5,2,12,14
2023-11-17_hawaii_san_francisco,Hawaii,5-15,3-9,1-4,5-16,3-8,2-2,5-16,2-9,4-9,6-12,4-6,4-6,,,,21-59,12-32,11-21,0,7,2,14,2,2,14,24
2023-11-17_idaho_cal_st_fullerton,Cal St. Fullerton,3-12,0-2,0-0,2-13,1-5,3-3,8-14,0-1,0-1,6-11,3-5,3-4,,,,19-50,4-13,6-8,0,0,4,22,8,2,19,5
2023-11-17_idaho_cal_st_fullerton,Idaho,2-13,1-5,4-4,5-9,3-3,0-0,8-15,1-6,0-0,5-12,2-6,5-6,,,,20-49,7-20,9-10,0,6,4,24,8,2,11,13
2023-11-18_csun_hope_intl,Hope Int'l,7-21,6-16,0-0,3-19,2-14,2-2,7-15,4-12,1-4,6-17,2-8,1-2,,,,23-72,14-50,4-8,0,10,3,14,12,5,13,11
2023-11-18_csun_hope_intl,CSUN,9-19,1-6,0-0,7-16,1-5,2-3,6-23,1-7,2-6,2-14,1-5,4-8,,,,24-72,4-23,8-17,0,18,3,32,10,5,8,28
2023-11-18_csu_bakersfield_fresno_st,Fresno St.,6-13,1-5,2-2,6-14,2-6,7-11,2-11,0-5,5-9,5-16,2-5,6-7,,,,19-54,5-21,20-29,0,8,9,24,10,12,19,33
2023-11-18_csu_bakersfield_fresno_st,CSU Bakersfield,5-16,1-5,0-0,4-9,1-2,6-8,8-18,0-4,3-4,8-13,3-7,1-4,,,,25-56,5-18,10-16,0,5,9,28,13,12,8,7
2023-11-18_uc_riverside_antelope_valley,Antelope Valley,4-14,1-5,0-0,5-13,1-5,1-2,3-8,0-4,3-4,6-16,1-5,4-4,,,,18-51,3-19,8-10,0,4,1,20,8,0,8,6
2023-11-18_uc_riverside_antelope_valley,UC Riverside,9-18,3-7,2-2,5-13,0-5,3-5,7-15,2-6,4-4,4-13,0-4,5-6,,,,25-59,5-22,14-17,0,15,1,32,8,0,21,30
2023-11-19_hawaii_idaho,Idaho,5-12,0-4,4-4,6-16,2-5,2-2,1-17,1-6,0-0,2-10,0-0,13-18,,,,14-55,3-15,19-24,0,10,0,16,11,0,11,17
2023-11-19_hawaii_idaho,Hawaii,2-12,1-6,2-4,3-13,1-2,3-4,5-13,1-6,1-2,5-17,1-7,0-0,,,,15-55,4-21,6-10,0,9,0,20,4,0,6,14
2023-11-19_uc_san_diego_northern_ariz,Northern Ariz.,6-13,1-3,3-4,9-19,4-6,4-6,5-17,3-11,2-3,3-10,2-4,9-11,,,,23-59,10-24,18-24,0,15,2,14,8,5,21,8
2023-11-19_uc_san_diego_northern_ariz,UC San Diego,8-13,2-2,1-2,5-13,1-5,2-2,8-17,0-6,3-5,6-15,2-5,4-8,,,,27-58,5-18,10-17,0,4,2,32,6,5,11,14
2023-11-19_uc_santa_barbara_southern_utah,Southern Utah,8-15,3-4,0-0,4-17,0-4,2-6,5-15,1-5,1-2,8-19,1-6,3-4,,,,25-66,5-19,6-12,0,20,5,28,4,2,14,10
2023-11-19_uc_santa_barbara_southern_utah,UC Santa Barbara,8-13,0-3,0-2,6-15,1-5,3-5,8-15,3-4,2-2,4-8,2-4,8-10,,,,26-51,6-16,13-19,0,2,5,34,21,2,23,12
2023-11-19_san_francisco_cal_st_fullerton,Cal St. Fullerton,6-17,4-8,3-6,3-13,1-6,0-0,4-17,0-3,2-2,4-11,0-0,10-13,,,,17-58,5-17,15-21,0,9,0,18,6,2,12,18
2023-11-19_san_francisco_cal_st_fullerton,San Francisco,3-17,0-6,2-2,4-17,2-5,0-1,7-13,2-4,3-4,5-20,1-8,0-1,,,,19-67,5-23,5-8,0,7,0,22,7,2,9,16
2023-11-20_uc_irvine_eastern_wash,Eastern Wash.,3-14,1-8,3-4,8-17,1-4,0-0,4-16,0-4,3-4,9-15,5-7,2-2,,,,24-62,7-23,8-10,0,14,1,24,3,2,13,9
2023-11-20_uc_irvine_eastern_wash,UC Irvine,8-16,1-2,1-1,6-14,2-6,2-2,5-14,0-5,4-5,7-13,3-4,6-10,,,,26-57,6-17,13-18,0,8,1,34,4,2,18,22
2023-11-21_sacramento_st_uc_davis,UC Davis,9-15,1-6,1-1,10-16,4-8,0-1,6-16,5-10,2-4,5-12,3-8,3-3,,,,30-59,13-32,6-9,0,6,4,30,6,0,20,14
2023-11-21_sacramento_st_uc_davis,Sacramento St.,5-12,0-2,1-2,4-13,3-4,2-4,7-15,2-6,1-2,4-11,0-1,8-12,,,,20-51,5-13,12-20,0,16,4,28,5,0,8,15
2023-11-21_seattle_u_cal_poly,Cal Poly,4-12,1-5,0-0,7-14,4-9,1-4,8-17,1-3,1-2,8-17,2-5,4-4,,,,27-60,8-22,6-10,0,7,0,36,6,2,27,14
2023-11-21_seattle_u_cal_poly,Seattle U,7-16,1-8,1-2,4-15,2-7,0-0,2-10,1-3,2-5,2-15,1-3,5-7,,,,15-56,5-21,8-14,0,13,0,18,1,2,16,16
2023-11-21_fresno_st_long_beach_st,Long Beach St.,4-14,1-5,6-10,8-16,4-5,1-4,6-14,0-2,1-2,7-13,1-2,0-2,,,,25-57,6-14,8-18,0,10,0,30,6,0,9,31
2023-11-21_fresno_st_long_beach_st,Fresno St.,11-22,3-8,2-3,5-17,2-8,4-8,3-15,1-5,5-8,7-17,1-5,4-4,,,,26-71,7-26,15-23,0,19,0,26,10,0,18,13
2023-11-22_minnesota_csun,CSUN,4-13,0-3,0-0,2-12,1-5,2-2,7-15,0-2,0-0,1-15,0-7,0-0,,,,14-55,1-17,2-2,0,0,1,16,4,0,10,6
2023-11-22_minnesota_csun,Minnesota,9-16,2-5,5-6,8-17,4-9,5-6,8-15,1-4,1-2,6-16,1-7,3-10,,,,31-64,8-25,14-24,0,15,1,40,9,0,29,29
2023-11-22_uc_riverside_utah_st,Utah St.,5-13,0-2,5-5,4-10,1-3,2-2,7-17,0-2,1-1,3-6,0-1,4-12,,,,19-46,1-8,12-20,0,6,4,30,5,5,15,12
2023-11-22_uc_riverside_utah_st,UC Riverside,3-13,1-6,2-2,3-14,0-5,3-4,10-16,1-5,0-1,5-12,0-1,3-4,,,,21-55,2-17,8-11,0,10,4,26,5,5,12,9
2023-11-24_hawaii_air_force,Air Force,3-16,0-5,3-4,4-14,1-6,2-2,6-15,2-6,2-2,5-10,2-5,6-6,,,,18-55,5-22,13-14,0,13,5,26,6,13,20,8
2023-11-24_hawaii_air_force,Hawaii,5-10,1-3,1-1,4-9,1-3,3-4,6-10,2-2,1-2,2-13,0-8,8-8,,,,17-42,4-16,13-15,0,11,5,26,4,13,7,23
2023-11-24_st_thomas_mn_uc_irvine,UC Irvine,6-17,2-7,1-2,9-16,4-5,0-0,8-14,2-3,5-6,3-10,0-3,8-9,,,,26-57,8-18,14-17,0,13,2,32,6,5,28,35
2023-11-24_st_thomas_mn_uc_irvine,St. Thomas (MN),8-12,1-3,0-0,5-11,1-5,1-2,6-12,0-1,3-5,4-13,2-10,9-12,,,,23-48,4-19,13-19,0,6,2,26,4,5,16,11
2023-11-24_uc_santa_barbara_unlv,UNLV,8-22,3-11,4-4,6-15,0-1,2-6,5-12,1-4,2-2,7-18,1-2,3-4,,,,26-67,5-18,11-16,0,18,0,36,10,0,7,23
2023-11-24_uc_santa_barbara_unlv,UC Santa Barbara,4-13,0-4,2-4,5-13,1-4,5-6,3-16,0-5,1-2,7-16,2-6,0-0,,,,19-58,3-19,8-12,0,10,0,30,4,0,9,15
2023-11-24_liu_csu_bakersfield,CSU Bakersfield,7-16,2-5,1-4,3-15,1-8,2-4,5-16,1-6,2-4,7-14,3-4,6-8,,,,22-61,7-23,11-20,0,13,4,20,4,7,25,5
2023-11-24_liu_csu_bakersfield,LIU,6-17,2-10,1-2,6-13,1-3,3-4,3-14,1-6,2-4,5-12,2-6,5-6,,,,20-56,6-25,11-16,0,6,4,18,9,7,11,10
2023-11-25_hawaii_idaho_st,Idaho St.,5-16,1-5,0-0,1-19,0-5,4-6,8-13,3-5,0-0,5-17,0-6,0-0,,,,19-65,4-21,4-6,0,12,0,20,0,1,11,17
2023-11-25_hawaii_idaho_st,Hawaii,4-9,3-7,2-2,5-14,4-10,2-2,6-13,4-7,4-4,0-7,0-3,9-10,,,,15-43,11-27,17-18,0,3,0,6,2,1,10,23
2023-11-25_pacific_uc_irvine,UC Irvine,7-14,1-3,0-1,6-15,3-5,2-2,7-11,1-1,5-6,4-13,0-3,6-8,,,,24-53,5-12,13-17,0,6,5,28,2,2,20,28
2023-11-25_pacific_uc_irvine,Pacific,5-11,1-5,0-0,4-14,1-7,1-1,7-13,1-4,7-10,4-10,3-6,6-8,,,,20-48,6-22,14-19,0,4,5,22,11,2,10,6
2023-11-25_uc_santa_barbara_weber_st,Weber St.,6-18,2-4,0-0,7-15,0-1,2-3,5-12,0-1,1-4,4-16,1-3,1-4,,,,22-61,3-9,4-11,0,11,1,32,3,0,9,11
2023-11-25_uc_santa_barbara_weber_st,UC Santa Barbara,8-15,3-7,2-2,5-15,3-8,1-4,7-13,2-3,1-3,1-6,0-3,7-8,,,,21-49,8-21,11-17,0,3,1,8,12,0,11,26
2023-11-25_csu_bakersfield_new_mexico_st,New Mexico St.,6-22,0-6,1-1,7-13,0-1,2-3,9-17,1-5,2-4,5-13,0-5,4-8,,,,27-65,1-17,9-16,0,18,0,36,17,4,14,15
2023-11-25_csu_bakersfield_new_mexico_st,CSU Bakersfield,4-15,3-8,1-2,5-14,0-3,0-0,5-20,1-8,1-2,8-13,6-11,3-5,,,,22-62,10-30,5-9,0,6,0,14,8,4,12,26
2023-11-26_hawaii_washington,Washington,5-13,2-7,3-4,4-11,1-5,1-2,8-13,2-5,0-1,6-13,2-4,1-2,,,,23-50,7-21,5-9,1,7,2,28,8,3,11,10
2023-11-26_hawaii_washington,Hawaii,3-12,3-10,3-4,4-14,2-9,1-2,3-8,2-6,2-2,3-13,1-7,1-2,,,,13-47,8-32,7-10,0,8,2,8,2,3,12,13
2023-11-26_uc_san_diego_penn,Penn,12-17,2-5,1-1,7-13,3-7,3-4,7-14,1-4,3-4,4-13,0-3,3-5,,,,30-57,6-19,10-14,0,5,1,38,10,0,8,15
2023-11-26_uc_san_diego_penn,UC San Diego,9-16,2-5,1-1,6-18,0-3,7-8,6-15,0-5,1-1,5-14,3-7,2-2,,,,26-63,5-20,11-12,0,12,1,36,2,0,12,25
2023-11-26_cal_st_fullerton_georgetown,Georgetown,7-14,1-3,2-3,3-17,1-6,0-0,8-19,0-4,1-2,5-11,3-6,11-12,,,,23-61,5-19,14-17,0,16,8,34,10,8,18,9
2023-11-26_cal_st_fullerton_georgetown,Cal St. Fullerton,6-10,1-1,2-2,3-11,0-1,2-3,9-15,1-4,1-1,5-13,2-6,0-0,,,,23-49,4-12,5-6,0,10,8,28,11,8,17,24
2023-11-27_pepperdine_long_beach_st,Long Beach St.,5-14,3-9,3-4,7-11,2-3,1-2,7-17,1-5,1-2,5-11,1-3,8-12,,,,24-53,7-20,13-20,1,5,4,34,22,2,26,25
2023-11-27_pepperdine_long_beach_st,Pepperdine,6-19,1-5,0-0,4-10,1-3,0-2,8-19,1-7,0-0,5-17,2-8,2-2,,,,23-65,5-23,2-4,0,11,4,26,4,2,11,23
2023-11-27_omaha_csu_bakersfield,CSU Bakersfield,5-14,3-10,0-2,6-15,3-8,1-2,7-16,3-7,0-0,8-15,2-4,7-10,4-8,0-2,0-0,30-68,11-31,8-14,0,8,1,34,6,0,18,38
2023-11-27_omaha_csu_bakersfield,Omaha,8-15,2-6,2-2,5-12,3-6,3-4,6-14,2-4,4-4,4-12,1-4,8-12,5-7,2-3,4-6,28-60,10-23,21-28,0,11,1,34,12,0,14,21
2023-11-28_san_diego_st_uc_san_diego,UC San Diego,7-15,4-7,2-2,7-13,3-7,2-2,5-13,4-7,1-2,5-14,2-4,3-3,2-3,0-0,4-9,26-58,13-25,12-18,0,4,7,22,2,12,6,27
2023-11-28_san_diego_st_uc_san_diego,San Diego St.,7-13,0-2,2-2,7-16,4-9,0-0,9-17,4-9,0-0,4-9,0-3,5-6,1-11,0-4,0-0,28-66,8-27,7-8,0,3,7,36,6,12,15,10
2023-11-28_uc_santa_barbara_uc_santa_cruz,UC Santa Cruz,5-16,1-4,0-0,3-11,0-5,2-2,3-12,1-9,3-7,7-16,2-6,1-5,,,,18-55,4-24,6-14,0,4,2,20,1,2,14,12
2023-11-28_uc_santa_barbara_uc_santa_cruz,UC Santa Barbara,9-14,3-6,1-3,11-19,2-6,0-0,9-16,2-6,3-3,8-11,2-3,0-0,,,,37-60,9-21,4-6,0,14,2,48,8,2,23,55
2023-11-28_southern_california_cal_poly,Cal Poly,4-12,1-2,1-1,4-12,1-3,1-1,7-15,1-1,0-1,3-14,1-6,2-2,,,,18-53,4-12,4-5,0,4,0,20,0,0,2,20
2023-11-28_southern_california_cal_poly,Southern California,8-18,5-9,2-2,7-17,0-5,5-6,6-13,2-5,3-3,9-14,4-8,4-7,,,,30-62,11-27,14-18,0,8,0,30,17,0,31,25
2023-11-29_boise_st_uc_davis,UC Davis,4-13,3-6,0-0,6-13,3-7,0-0,6-16,2-8,2-4,4-13,1-7,2-3,,,,20-55,9-28,4-7,0,2,2,18,12,0,13,1
2023-11-29_boise_st_uc_davis,Boise St.,4-14,2-6,5-8,6-17,2-4,0-0,6-15,1-4,6-8,8-12,6-7,0-2,,,,24-58,11-21,11-18,0,15,2,22,10,0,19,24
2023-11-29_texas_tech_uc_irvine,UC Irvine,7-15,1-4,0-0,5-14,0-4,5-6,6-15,0-4,1-1,4-16,0-7,3-4,,,,22-60,1-19,9-11,0,13,2,34,10,12,19,34
2023-11-29_texas_tech_uc_irvine,Texas Tech,4-15,2-5,1-2,4-13,2-5,0-0,5-14,1-2,9-11,6-13,3-4,4-5,,,,19-55,8-16,14-18,0,9,2,20,4,12,8,16
2023-11-29_cal_st_fullerton_san_jose_st,San Jose St.,6-16,0-4,0-0,3-12,2-6,0-0,8-17,3-4,5-6,9-21,2-6,0-0,,,,26-66,7-20,5-6,0,14,0,34,6,1,10,38
2023-11-29_cal_st_fullerton_san_jose_st,Cal St. Fullerton,8-16,4-7,1-2,5-15,2-7,2-2,7-13,2-3,1-2,4-7,0-1,11-16,,,,24-51,8-18,15-22,0,12,0,28,13,1,17,27
2023-12-01_washington_st_uc_davis,UC Davis,3-13,3-6,1-2,3-12,1-5,2-2,11-16,1-3,0-0,4-14,1-4,1-1,,,,21-55,6-18,4-5,0,2,0,18,0,0,6,11
2023-12-01_washington_st_uc_davis,Washington St.,7-19,2-7,0-0,6-16,2-9,0-0,8-14,0-2,3-4,11-22,4-8,2-4,,,,32-71,8-26,5-8,0,8,0,40,17,0,23,13
2023-12-01_merrimack_uc_riverside,UC Riverside,8-12,4-7,0-0,4-13,2-4,0-2,7-16,2-5,2-2,1-6,1-4,14-15,,,,20-47,9-20,16-19,0,9,0,18,12,2,18,6
2023-12-01_merrimack_uc_riverside,Merrimack,5-12,0-5,0-0,2-10,0-3,3-6,7-14,1-4,0-1,8-16,4-8,1-3,,,,22-52,5-20,4-10,0,6,0,26,0,2,17,8
2023-12-02_uc_irvine_denver,Denver,5-11,1-5,5-8,3-10,1-5,0-0,5-17,3-12,2-2,2-13,1-7,4-6,,,,15-51,6-29,11-16,0,6,6,16,11,5,12,2
2023-12-02_uc_irvine_denver,UC Irvine,5-21,2-8,0-0,6-15,1-4,1-2,2-17,1-6,7-7,4-15,0-4,4-4,,,,17-68,4-22,12-13,0,8,6,24,5,5,15,28
2023-12-02_fresno_st_uc_san_diego,UC San Diego,7-14,2-4,1-1,2-12,0-3,6-6,5-10,2-3,1-2,3-10,1-3,5-7,,,,17-46,5-13,13-16,0,13,1,18,8,2,3,17
2023-12-02_fresno_st_uc_san_diego,Fresno St.,7-14,3-5,4-4,5-15,1-4,0-0,10-15,3-5,0-0,6-15,4-7,0-0,,,,28-59,11-21,4-4,0,9,1,22,11,2,28,28
2023-12-02_nevada_uc_santa_barbara,UC Santa Barbara,7-13,1-3,4-4,7-12,3-5,1-1,5-14,2-7,2-4,4-14,0-1,5-8,2-9,2-4,3-4,25-62,8-20,15-21,0,9,4,32,7,6,17,7
2023-12-02_nevada_uc_santa_barbara,Nevada,4-13,1-3,1-2,9-15,1-3,0-0,8-18,3-4,2-2,5-13,2-3,2-4,1-7,0-3,0-0,27-66,7-16,5-8,0,8,4,30,13,6,24,24
2023-12-02_sacramento_st_csun,CSUN,3-17,1-7,2-4,4-12,1-2,2-2,7-12,1-3,3-4,4-14,1-6,1-2,,,,18-55,4-18,8-12,0,2,0,22,8,3,8,5
2023-12-02_sacramento_st_csun,Sacramento St.,5-11,2-5,2-4,7-16,0-4,3-7,7-18,3-8,0-0,4-11,0-3,2-2,,,,23-56,5-20,7-13,0,6,0,34,12,3,15,13
2023-12-03_hawaii_san_jose_st,San Jose St.,2-12,0-2,0-0,5-8,2-4,1-2,4-13,1-6,6-9,7-15,1-3,0-1,,,,18-48,4-15,7-12,0,8,0,26,1,0,13,23
2023-12-03_hawaii_san_jose_st,Hawaii,7-12,3-6,1-2,6-12,3-4,7-8,3-8,0-2,10-11,6-13,1-4,4-4,,,,22-45,7-16,22-25,0,2,0,24,14,0,27,28
2023-12-04_dartmouth_uc_riverside,UC Riverside,6-14,1-7,0-0,8-17,2-5,0-0,3-15,2-5,3-4,5-9,2-3,3-5,,,,22-55,7-20,6-9,0,11,1,24,12,3,25,14
2023-12-04_dartmouth_uc_riverside,Dartmouth,5-10,1-3,1-2,3-11,0-3,0-0,3-12,2-4,1-2,3-9,1-3,4-8,,,,14-42,4-13,6-12,0,4,1,20,0,3,12,12
2023-12-05_uc_davis_jessup,Jessup,3-16,1-6,1-4,5-17,1-6,0-0,4-13,0-0,4-4,3-14,0-2,3-5,,,,15-60,2-14,8-13,0,5,0,20,4,3,7,15
2023-12-05_uc_davis_jessup,UC Davis,7-14,3-6,0-0,9-16,4-9,4-4,8-11,4-5,0-0,7-18,2-10,0-2,,,,31-59,13-30,4-6,0,2,0,36,15,3,14,21
2023-12-05_new_mexico_st_uc_irvine,UC Irvine,6-13,2-3,3-4,3-9,0-2,5-8,3-11,0-5,3-4,9-15,1-3,5-5,,,,21-48,3-13,16-21,0,13,13,30,12,9,15,32
2023-12-05_new_mexico_st_uc_irvine,New Mexico St.,7-18,1-4,0-0,6-14,0-1,1-2,2-17,0-2,5-6,4-12,1-4,9-9,,,,19-61,2-11,15-17,0,9,13,20,12,9,12,25
2023-12-06_texas_long_beach_st,Long Beach St.,4-15,1-4,0-0,4-14,1-6,0-0,6-14,3-3,4-6,9-20,1-7,6-8,,,,23-63,6-20,10-14,0,8,0,26,12,0,19,21
2023-12-06_texas_long_beach_st,Texas,9-18,1-2,5-10,13-20,2-5,5-10,10-19,0-1,10-12,7-15,0-3,5-10,,,,39-72,3-11,25-42,0,31,0,54,4,0,38,51
2023-12-06_fresno_st_cal_st_fullerton,Cal St. Fullerton,9-14,3-3,0-0,6-13,1-4,5-5,8-15,2-4,0-0,4-8,1-1,11-12,,,,27-50,7-12,16-17,0,14,1,34,6,4,15,9
2023-12-06_fresno_st_cal_st_fullerton,Fresno St.,6-12,1-4,3-4,8-18,2-4,0-3,6-11,0-0,3-4,5-18,1-5,8-10,,,,25-59,4-13,14-21,0,6,1,38,8,4,16,23
2023-12-06_boise_st_csu_bakersfield,CSU Bakersfield,3-17,0-7,0-0,9-16,1-3,1-2,6-15,1-5,4-4,6-14,3-5,8-8,,,,24-62,5-20,13-14,0,9,0,26,2,0,9,15
2023-12-06_boise_st_csu_bakersfield,Boise St.,8-14,4-5,2-2,7-17,1-6,3-5,9-13,2-4,6-8,6-13,5-9,4-6,,,,30-57,12-24,15-21,0,13,0,22,19,0,7,31
2023-12-07_arizona_uc_san_diego,UC San Diego,3-11,1-4,0-0,2-9,1-6,5-5,6-11,0-2,0-0,1-9,1-5,6-7,,,,12-40,3-17,11-12,0,3,0,16,2,2,12,4
2023-12-07_arizona_uc_san_diego,Arizona,6-12,0-3,0-0,11-17,4-6,4-4,6-18,1-6,1-2,10-16,5-5,0-0,,,,33-63,10-20,5-6,0,26,0,30,12,2,38,39
2023-12-07_ucla_csun,CSUN,1-11,0-3,3-4,5-12,4-5,0-0,5-13,2-5,5-6,4-19,4-8,0-2,,,,15-55,10-21,8-12,0,0,0,2,5,0,21,15
2023-12-07_ucla_csun,UCLA,10-20,1-5,2-4,12-18,2-5,7-10,13-23,2-8,3-4,8-13,2-5,6-12,,,,43-74,7-23,18-30,0,21,0,64,38,0,44,50
2023-12-08_pacific_uc_santa_barbara,UC Santa Barbara,5-15,2-4,1-1,3-17,0-2,0-0,10-14,4-5,2-3,4-12,1-6,7-8,,,,22-58,7-17,10-12,0,6,3,28,7,2,21,26
2023-12-08_pacific_uc_santa_barbara,Pacific,4-12,3-5,7-8,6-12,0-1,1-1,8-16,2-4,3-3,7-17,0-4,6-8,,,,25-57,5-14,17-20,0,10,3,22,9,2,14,19
2023-12-09_cal_poly_fresno_st,Fresno St.,8-15,2-6,6-6,4-15,1-2,3-6,5-16,1-4,2-4,1-9,0-0,8-14,,,,18-55,4-12,19-30,0,10,3,20,3,4,9,14
2023-12-09_cal_poly_fresno_st,Cal Poly,7-16,1-6,3-6,10-17,3-5,2-2,8-11,1-2,4-4,9-14,2-4,0-0,,,,34-58,7-17,9-12,1,7,3,48,11,4,8,38
2023-12-10_uc_davis_saint_marys_ca,Saint Mary's (CA),5-15,1-3,2-3,5-11,1-4,2-2,7-13,1-4,5-8,8-17,3-4,1-1,,,,25-56,6-15,10-14,0,7,4,36,3,1,9,35
2023-12-10_uc_davis_saint_marys_ca,UC Davis,7-13,3-8,2-2,7-13,3-8,3-4,8-13,4-7,6-7,8-15,2-6,4-4,,,,30-54,12-29,15-17,0,8,4,34,7,1,11,13
2023-12-10_csun_san_diego,San Diego,8-20,2-5,6-6,8-13,2-5,1-2,9-13,3-4,6-10,6-11,0-1,3-3,,,,31-57,7-15,16-21,0,23,0,40,10,0,18,34
2023-12-10_csun_san_diego,CSUN,4-12,1-4,3-4,3-13,1-5,0-0,4-11,1-5,4-6,10-14,3-4,6-10,,,,21-50,6-18,13-20,0,9,0,24,8,0,19,15
2023-12-10_southern_california_uc_riverside,UC Riverside,3-16,1-4,0-0,3-9,1-4,2-2,7-13,3-5,3-3,5-11,2-4,5-7,,,,18-49,7-17,10-12,0,5,0,14,0,0,7,11
2023-12-10_southern_california_uc_riverside,Southern California,10-18,4-6,0-0,10-14,3-6,1-5,7-14,1-5,5-7,6-13,2-5,3-3,,,,33-59,10-22,9-15,0,16,0,42,14,0,25,19
2023-12-15_long_beach_st_colorado_st,Colorado St.,12-18,7-11,2-3,3-14,1-7,6-7,7-16,1-6,2-2,4-13,1-4,4-6,,,,26-61,10-28,14-18,0,3,7,24,3,10,15,16
2023-12-15_long_beach_st_colorado_st,Long Beach St.,8-20,2-7,0-2,7-15,3-5,8-9,8-19,1-7,3-5,5-15,0-6,4-7,,,,28-69,6-25,15-23,0,8,7,38,14,10,20,28
2023-12-16_colorado_st_uc_irvine,UC Irvine,7-16,0-3,2-2,7-17,0-4,3-4,6-18,1-5,0-0,5-12,1-3,6-11,,,,25-63,2-15,11-17,0,19,7,36,6,15,15,29
2023-12-16_colorado_st_uc_irvine,Colorado St.,4-12,3-10,0-0,7-15,4-9,2-3,7-11,4-5,1-2,3-9,1-4,12-13,,,,21-47,12-28,15-18,0,3,7,14,3,15,9,17
2023-12-16_cal_poly_montana,Montana,7-14,2-5,2-2,7-17,2-5,0-1,6-12,2-7,0-0,7-14,4-6,1-2,,,,27-57,10-23,3-5,0,12,12,32,9,17,7,24
2023-12-16_cal_poly_montana,Cal Poly,9-12,4-5,2-4,3-12,0-2,6-11,4-14,0-2,5-6,6-14,2-4,2-4,,,,22-52,6-13,15-25,0,11,12,22,4,17,19,12
2023-12-16_long_beach_st_pacific,Pacific,8-19,1-3,4-4,7-13,1-2,3-4,10-22,1-3,3-6,10-16,0-2,7-8,,,,35-70,3-10,17-22,0,18,7,60,11,12,26,9
2023-12-16_long_beach_st_pacific,Long Beach St.,9-15,1-3,3-6,8-17,1-5,8-9,8-18,6-9,0-0,7-19,2-8,1-2,,,,32-69,10-25,12-17,0,10,7,42,15,12,18,22
2023-12-16_california_baptist_cal_st_fullerton,Cal St. Fullerton,5-18,1-4,4-4,4-12,1-6,5-6,6-11,0-1,8-10,7-16,3-8,2-2,,,,22-57,5-19,19-22,0,4,6,28,10,4,9,22
2023-12-16_california_baptist_cal_st_fullerton,California Baptist,5-16,2-9,1-1,10-21,5-9,3-5,8-20,3-9,2-2,5-12,1-6,0-4,,,,28-69,11-33,6-12,0,14,6,34,18,4,16,33
2023-12-16_csu_bakersfield_pepperdine,Pepperdine,7-16,0-4,0-0,11-21,4-10,0-0,7-14,0-1,2-6,8-9,1-2,7-8,,,,33-60,5-17,9-14,0,11,3,48,8,2,18,40
2023-12-16_csu_bakersfield_pepperdine,CSU Bakersfield,6-19,2-7,0-0,2-15,0-7,0-0,11-19,3-7,2-4,6-20,3-10,0-0,,,,25-73,8-31,2-4,0,12,3,24,2,2,17,4
2023-12-17_uc_santa_barbara_lmu_ca,LMU (CA),6-13,3-7,0-0,7-16,3-8,0-0,6-13,3-5,2-2,3-12,1-2,8-10,,,,22-54,10-22,10-12,0,13,4,20,7,2,16,24
2023-12-17_uc_santa_barbara_lmu_ca,UC Santa Barbara,3-15,0-2,3-4,7-12,0-2,1-2,7-15,3-5,2-2,6-14,0-3,2-4,,,,23-56,3-12,8-12,0,10,4,34,9,2,11,21
2023-12-18_csun_san_jose_st,San Jose St.,7-21,2-10,0-0,5-15,2-5,1-1,4-16,3-9,6-8,10-11,4-5,0-0,,,,26-63,11-29,7-9,0,9,4,28,14,6,26,19
2023-12-18_csun_san_jose_st,CSUN,5-11,1-1,4-4,6-12,1-3,5-5,5-17,0-5,0-0,3-14,2-7,2-2,,,,19-54,4-16,11-11,0,5,4,24,10,6,18,19
2023-12-18_southern_california_cal_st_fullerton,Cal St. Fullerton,2-15,1-6,0-0,7-16,0-4,1-1,7-15,2-6,0-0,2-13,1-5,3-4,,,,18-59,4-21,4-5,0,13,1,18,2,1,5,20
2023-12-18_southern_california_cal_st_fullerton,Southern California,7-17,4-8,2-2,11-16,5-5,3-3,7-17,4-10,2-2,8-16,3-7,4-6,,,,33-66,16-30,11-13,0,10,1,32,15,1,29,15
2023-12-19_long_beach_st_san_francisco,San Francisco,6-18,1-7,3-5,7-23,1-10,2-2,9-22,3-11,5-7,7-15,3-4,3-8,,,,29-78,8-32,13-22,0,22,1,36,8,0,14,16
2023-12-19_long_beach_st_san_francisco,Long Beach St.,7-19,3-6,3-3,9-16,5-9,7-8,7-13,1-5,6-8,4-14,0-3,2-2,,,,27-62,9-23,18-21,0,9,1,30,9,0,14,24
2023-12-19_uc_riverside_santa_clara,Santa Clara,8-15,3-8,0-0,6-16,0-3,6-6,8-18,0-7,0-0,8-10,2-4,5-7,,,,30-59,5-22,11-13,0,16,2,42,6,7,20,18
2023-12-19_uc_riverside_santa_clara,UC Riverside,7-16,0-4,1-2,3-9,0-1,2-6,3-14,2-4,5-6,3-17,1-5,3-4,,,,16-56,3-14,11-18,0,3,2,18,6,7,5,8
2023-12-20_stanford_uc_davis,UC Davis,6-16,3-8,0-0,4-13,2-6,0-0,2-12,1-6,3-4,8-17,2-6,1-4,,,,20-58,8-26,4-8,0,11,2,22,1,1,7,11
2023-12-20_stanford_uc_davis,Stanford,11-19,4-7,8-8,11-15,2-3,2-2,8-13,2-3,2-4,4-12,0-3,4-4,,,,34-59,8-16,16-18,0,13,2,40,6,1,24,21
2023-12-20_uc_san_diego_boise_st,Boise St.,4-14,0-3,6-6,2-10,2-5,3-4,5-14,1-3,0-0,8-16,1-1,5-7,,,,19-54,4-12,14-17,0,6,9,26,11,7,5,4
2023-12-20_uc_san_diego_boise_st,UC San Diego,5-17,1-8,1-1,5-12,0-4,0-1,4-13,2-7,3-5,7-13,4-5,9-12,,,,21-55,7-24,13-19,0,6,9,20,8,7,11,21
2023-12-20_uc_santa_barbara_life_pacific,LIFE Pacific,7-14,2-5,2-2,5-16,1-5,0-0,4-14,1-4,0-0,5-13,3-8,2-2,,,,21-57,7-22,4-4,0,0,4,18,3,2,6,15
2023-12-20_uc_santa_barbara_life_pacific,UC Santa Barbara,9-18,0-5,2-4,11-18,6-11,1-2,11-14,2-3,4-4,12-19,4-6,2-3,,,,43-69,12-25,9-13,0,11,4,58,12,2,24,58
2023-12-20_uc_riverside_cal_lutheran,Cal Lutheran,3-13,1-4,0-0,7-18,2-4,0-0,5-16,1-9,0-0,4-15,2-8,5-9,,,,19-62,6-25,5-9,0,10,0,20,6,0,7,16
2023-12-20_uc_riverside_cal_lutheran,UC Riverside,10-22,0-5,2-4,6-17,2-4,1-2,9-17,1-2,2-6,8-14,0-1,8-10,,,,33-70,3-12,13-22,0,8,0,52,12,0,24,36
2023-12-21_ucla_hawaii,Hawaii,2-8,2-5,0-0,4-15,2-6,0-0,3-14,1-6,6-6,6-11,3-8,2-2,,,,15-48,8-25,8-8,1,2,0,8,7,2,4,6
2023-12-21_ucla_hawaii,UCLA,12-20,1-3,2-2,7-18,1-3,3-11,7-15,3-8,3-6,9-19,2-7,0-0,,,,35-72,7-21,8-19,0,19,0,44,23,2,22,19
2023-12-21_uc_san_diego_montana,Montana,8-14,5-10,0-0,3-12,3-8,0-0,5-11,3-8,3-5,6-10,2-4,8-11,,,,22-47,13-30,11-16,0,8,2,14,6,4,25,5
2023-12-21_uc_san_diego_montana,UC San Diego,4-16,3-9,3-5,9-16,4-8,4-5,6-13,0-1,4-4,4-12,1-2,2-2,,,,23-57,8-20,13-16,0,16,2,20,4,4,12,15
2023-12-21_sacramento_st_cal_poly,Cal Poly,9-15,3-5,2-2,5-8,3-5,3-4,4-8,0-1,2-4,7-15,2-7,7-8,,,,25-46,8-18,14-18,0,14,0,30,18,1,28,16
2023-12-21_sacramento_st_cal_poly,Sacramento St.,4-10,1-5,5-6,3-10,0-3,1-4,6-10,2-2,5-5,3-8,2-6,7-10,,,,16-38,5-16,18-25,0,1,0,20,11,1,17,12
2023-12-21_long_beach_st_southern_california,Southern California,7-19,5-14,3-4,5-15,1-6,7-10,5-17,3-11,6-6,5-15,1-3,15-19,,,,22-66,10-34,31-39,0,17,2,20,22,6,23,22
2023-12-21_long_beach_st_southern_california,Long Beach St.,7-17,1-4,1-2,5-16,0-2,5-7,9-11,0-0,3-6,6-20,2-6,11-13,,,,27-64,3-12,20-28,0,13,2,46,19,6,14,19
2023-12-21_csun_lmu_ca,LMU (CA),10-15,4-6,2-3,4-20,2-8,2-4,7-17,3-10,1-2,7-13,3-5,4-10,,,,28-65,12-29,9-19,0,11,2,26,9,3,17,18
2023-12-21_csun_lmu_ca,CSUN,10-19,3-7,0-1,4-13,1-4,5-8,5-12,2-4,1-1,9-15,2-5,4-4,,,,28-59,8-20,10-14,0,4,2,34,18,3,21,21
2023-12-21_cal_st_fullerton_santa_clara,Santa Clara,7-18,1-5,3-3,10-19,4-9,1-2,5-11,2-5,4-6,7-21,2-6,1-2,,,,29-69,9-25,9-13,0,23,0,38,5,0,20,22
2023-12-21_cal_st_fullerton_santa_clara,Cal St. Fullerton,3-12,1-4,2-2,5-15,1-4,4-5,8-20,1-3,0-0,7-9,2-3,0-0,,,,23-56,5-14,6-7,0,13,0,26,2,0,9,15
2023-12-21_csu_bakersfield_whittier,Whittier,4-14,0-3,1-2,5-14,1-6,2-2,6-15,3-5,1-2,4-11,1-3,5-7,,,,19-54,5-17,9-13,0,10,1,24,2,1,4,7
2023-12-21_csu_bakersfield_whittier,CSU Bakersfield,10-18,5-9,2-2,6-20,2-9,0-0,4-15,1-8,1-2,3-19,1-7,2-4,,,,23-72,9-33,5-8,0,9,1,22,6,1,13,20
2023-12-28_uc_santa_barbara_uc_davis,UC Davis,5-13,2-5,1-2,7-18,2-6,0-0,4-14,0-5,0-0,5-15,1-4,1-1,,,,21-60,5-20,2-3,0,5,5,28,11,13,14,17
2023-12-28_uc_santa_barbara_uc_davis,UC Santa Barbara,5-15,0-2,3-5,4-13,3-7,2-2,7-15,0-6,3-3,7-14,1-1,2-3,,,,23-57,4-16,10-13,0,15,5,28,2,13,11,21
2023-12-28_uc_riverside_uc_irvine,UC Irvine,4-15,1-3,6-7,6-17,1-10,2-3,7-15,1-5,3-7,7-11,4-6,1-3,,,,24-58,7-24,12-20,0,15,3,32,11,2,15,16
2023-12-28_uc_riverside_uc_irvine,UC Riverside,5-10,2-3,8-10,3-12,1-7,0-0,5-12,0-2,1-1,4-17,2-6,4-6,,,,17-51,5-18,13-17,0,9,3,16,5,2,15,10
2023-12-28_csu_bakersfield_uc_san_diego,UC San Diego,6-16,3-8,0-0,3-9,1-5,3-4,4-13,1-4,3-4,3-14,2-6,3-6,,,,16-52,7-23,9-14,0,8,7,12,2,7,8,11
2023-12-28_csu_bakersfield_uc_san_diego,CSU Bakersfield,4-11,1-5,0-3,6-14,3-6,2-2,2-15,0-5,1-3,6-14,2-6,7-10,,,,18-54,6-22,10-18,0,13,7,20,15,7,24,10
2023-12-28_csun_cal_poly,Cal Poly,9-20,3-7,2-2,3-14,2-9,4-4,8-14,1-3,1-1,6-14,1-2,2-2,,,,26-62,7-21,9-9,0,12,2,34,8,1,15,14
2023-12-28_csun_cal_poly,CSUN,6-13,3-9,0-0,2-13,0-0,0-0,6-12,2-3,3-6,3-15,1-4,0-3,,,,17-53,6-16,3-9,0,6,2,14,13,1,10,21
2023-12-28_long_beach_st_cal_st_fullerton,Cal St. Fullerton,6-18,1-5,2-2,8-17,1-5,1-3,6-14,3-7,3-4,6-14,0-3,4-4,,,,26-63,5-20,10-13,0,6,3,20,1,2,19,20
2023-12-28_long_beach_st_cal_st_fullerton,Long Beach St.,5-15,1-4,2-4,3-13,0-6,2-2,5-19,1-8,2-2,10-20,3-9,4-5,,,,23-67,5-27,10-13,0,13,3,34,12,2,23,10
2023-12-30_cal_poly_uc_davis,UC Davis,4-8,2-3,3-4,3-7,1-5,1-2,5-14,2-4,3-3,6-12,4-7,2-4,,,,18-41,9-19,9-13,0,4,2,16,3,13,15,4
2023-12-30_cal_poly_uc_davis,Cal Poly,2-11,1-5,1-3,9-19,3-6,0-0,6-14,2-5,1-1,6-15,0-4,3-4,,,,23-59,6-20,5-8,0,8,2,30,10,13,22,4
2023-12-30_cal_st_fullerton_hawaii,Hawaii,5-15,3-5,0-0,9-13,2-3,0-0,4-18,3-8,3-4,4-13,0-4,4-8,,,,22-59,8-20,7-12,0,8,0,26,11,1,13,25
2023-12-30_cal_st_fullerton_hawaii,Cal St. Fullerton,3-12,0-4,0-0,5-15,2-6,1-2,8-15,4-6,3-4,3-14,1-9,0-0,,,,19-56,7-25,4-6,0,9,0,20,7,1,2,4
2023-12-30_uc_irvine_csu_bakersfield,CSU Bakersfield,7-14,4-9,0-0,5-11,1-2,1-2,3-12,1-8,0-2,2-10,2-3,5-6,,,,17-47,8-22,6-10,0,4,4,10,0,5,13,12
2023-12-30_uc_irvine_csu_bakersfield,UC Irvine,6-11,2-4,3-4,6-15,2-5,2-2,6-12,1-3,5-6,8-11,2-4,2-4,,,,26-49,7-16,12-16,0,13,4,28,4,5,17,39
2023-12-30_uc_santa_barbara_uc_riverside,UC Riverside,8-15,2-4,2-2,4-17,0-2,1-1,2-17,1-5,7-8,5-14,1-4,4-5,,,,19-63,4-15,14-16,0,11,3,16,13,1,20,6
2023-12-30_uc_santa_barbara_uc_riverside,UC Santa Barbara,3-9,1-3,5-6,10-15,3-3,2-2,5-13,2-5,2-2,5-10,3-4,0-0,,,,23-47,9-15,9-10,0,7,3,24,11,1,5,34
2023-12-30_csun_long_beach_st,Long Beach St.,6-15,3-7,5-7,1-15,1-10,2-2,10-19,3-5,6-8,7-16,1-4,7-10,,,,24-65,8-26,20-27,0,7,4,32,30,4,31,24
2023-12-30_csun_long_beach_st,CSUN,2-11,1-4,8-9,3-15,1-5,6-8,6-13,1-4,3-3,6-18,3-5,1-2,,,,17-57,6-18,18-22,0,5,4,22,9,4,14,1
2024-01-04_uc_davis_uc_riverside,UC Riverside,5-16,1-4,0-0,4-13,1-4,3-6,3-16,0-6,3-4,11-21,5-8,0-0,,,,23-66,7-22,6-10,1,4,5,28,10,2,17,17
2024-01-04_uc_davis_uc_riverside,UC Davis,5-12,1-7,0-0,8-14,1-3,0-0,8-13,4-7,3-4,3-10,1-4,5-6,,,,24-49,7-21,8-10,1,6,5,28,12,2,5,14
2024-01-04_hawaii_csu_bakersfield,CSU Bakersfield,2-15,1-8,0-0,4-15,1-5,0-0,4-14,2-5,2-2,6-15,3-7,2-4,,,,16-59,7-25,4-6,0,7,0,12,2,0,15,21
2024-01-04_hawaii_csu_bakersfield,Hawaii,8-16,5-8,0-0,6-14,1-5,2-2,3-8,1-4,9-10,6-13,2-7,1-2,,,,23-51,9-24,12-14,0,9,0,24,12,0,15,24
2024-01-04_cal_st_fullerton_uc_irvine,UC Irvine,6-17,1-1,1-3,8-11,4-5,2-2,6-17,0-3,4-4,6-14,2-3,2-3,,,,26-59,7-12,9-12,0,6,1,24,4,1,19,33
2024-01-04_cal_st_fullerton_uc_irvine,Cal St. Fullerton,3-12,1-3,1-2,3-11,0-3,0-0,6-15,2-7,0-0,6-18,3-8,1-2,,,,18-56,6-21,2-4,0,9,1,20,8,1,7,14
2024-01-04_uc_san_diego_uc_santa_barbara,UC Santa Barbara,5-10,3-4,2-2,3-17,1-4,1-1,4-12,0-3,2-2,6-15,3-6,2-4,,,,18-54,7-17,7-9,0,11,1,20,2,2,5,15
2024-01-04_uc_san_diego_uc_santa_barbara,UC San Diego,8-22,1-4,0-0,6-13,0-2,0-0,5-19,2-10,1-2,8-11,0-0,6-6,,,,27-65,3-16,7-8,0,4,1,40,2,2,15,17
2024-01-04_long_beach_st_cal_poly,Cal Poly,6-14,0-2,4-4,6-13,1-6,0-2,4-13,0-3,2-3,7-14,2-6,9-12,,,,23-54,3-17,15-21,1,10,6,36,2,5,17,14
2024-01-04_long_beach_st_cal_poly,Long Beach St.,8-12,2-3,0-0,0-10,0-6,5-8,4-11,2-4,3-4,6-17,1-6,7-11,,,,18-50,5-19,15-23,11,6,6,20,0,5,12,14
2024-01-06_uc_davis_uc_irvine,UC Irvine,5-11,0-1,0-0,9-15,6-7,1-2,4-11,1-1,5-6,4-11,0-3,0-2,,,,22-48,7-12,6-10,0,7,5,20,12,5,21,15
2024-01-06_uc_davis_uc_irvine,UC Davis,4-10,2-5,2-2,6-11,2-5,1-2,6-14,3-7,4-4,6-10,1-4,1-4,,,,22-45,8-21,8-12,0,7,5,26,7,5,14,12
2024-01-06_hawaii_csun,CSUN,5-16,1-5,0-0,4-13,0-3,1-2,1-15,0-2,0-0,6-15,1-6,3-4,,,,16-59,2-16,4-6,0,7,3,26,0,1,2,9
2024-01-06_hawaii_csun,Hawaii,5-14,0-5,4-6,6-18,3-9,3-4,5-12,5-10,2-2,7-15,2-6,2-4,,,,23-59,10-30,11-16,0,11,3,20,8,1,6,33
2024-01-06_uc_san_diego_cal_st_fullerton,Cal St. Fullerton,6-15,0-0,0-0,4-14,3-4,0-0,6-13,1-3,7-9,4-16,1-4,6-8,,,,20-58,5-11,13-17,0,6,1,26,5,0,14,33
2024-01-06_uc_san_diego_cal_st_fullerton,UC San Diego,5-13,2-6,1-2,8-15,3-7,0-0,6-11,3-3,2-2,6-12,2-4,8-10,,,,25-51,10-20,11-14,0,9,1,16,0,0,9,6
2024-01-06_uc_santa_barbara_cal_poly,Cal Poly,8-14,2-4,3-4,6-18,2-3,0-0,4-13,1-2,3-6,4-13,1-4,0-0,4-7,0-3,0-0,26-65,6-16,6-10,0,14,14,34,0,9,15,24
2024-01-06_uc_santa_barbara_cal_poly,UC Santa Barbara,6-14,2-3,3-4,8-15,2-3,2-2,5-14,0-3,0-0,3-11,0-3,3-4,3-4,0-0,3-4,25-58,4-12,11-14,0,14,14,34,2,9,18,19
2024-01-06_uc_riverside_long_beach_st,Long Beach St.,0-7,0-3,3-4,4-12,1-5,3-4,7-16,0-1,0-0,7-14,0-5,0-2,,,,18-49,1-14,6-10,0,8,2,28,11,6,6,14
2024-01-06_uc_riverside_long_beach_st,UC Riverside,4-17,1-9,4-4,3-18,1-8,0-0,2-14,0-6,4-6,6-17,2-4,7-10,,,,15-66,4-27,15-20,0,13,2,18,16,6,21,9
2024-01-11_csun_uc_davis,UC Davis,7-12,4-7,0-0,4-13,0-6,3-4,6-12,2-7,4-8,2-13,1-5,3-4,,,,19-50,7-25,10-16,0,0,1,22,15,0,9,7
2024-01-11_csun_uc_davis,CSUN,5-15,1-2,2-3,6-14,0-4,0-0,5-20,1-4,1-3,1-21,0-5,6-9,,,,17-70,2-15,9-15,0,12,1,22,2,0,11,20
2024-01-11_uc_irvine_hawaii,Hawaii,3-10,1-3,2-2,5-10,0-1,1-2,6-15,4-7,7-8,6-14,1-4,0-2,,,,20-49,6-15,10-14,0,8,4,28,2,5,6,11
2024-01-11_uc_irvine_hawaii,UC Irvine,5-17,2-8,2-2,2-13,0-6,0-0,7-16,0-4,2-2,7-17,1-6,0-1,,,,21-63,3-24,4-5,0,2,4,26,2,5,11,17
2024-01-11_long_beach_st_uc_san_diego,UC San Diego,3-16,1-5,1-2,6-14,0-3,0-0,6-15,1-7,0-0,3-10,0-3,6-6,,,,18-55,2-18,7-8,0,10,6,22,2,9,16,16
2024-01-11_long_beach_st_uc_san_diego,Long Beach St.,3-10,0-2,4-6,4-14,0-6,0-0,4-14,1-5,1-2,0-13,0-4,2-3,,,,11-51,1-17,7-11,0,6,6,16,4,9,8,12
2024-01-11_csu_bakersfield_uc_santa_barbara,UC Santa Barbara,8-12,2-3,0-2,5-14,1-6,5-6,5-14,1-5,4-6,9-12,3-3,5-6,,,,27-52,7-17,14-20,0,12,0,38,2,0,14,16
2024-01-11_csu_bakersfield_uc_santa_barbara,CSU Bakersfield,4-17,1-6,1-2,3-15,1-8,1-2,7-17,2-8,8-10,5-13,2-3,0-0,,,,19-62,6-25,10-14,0,5,0,16,3,0,9,17
2024-01-11_cal_poly_uc_riverside,UC Riverside,7-16,1-5,0-0,7-15,1-6,4-4,5-12,1-4,6-8,0-3,0-1,13-16,,,,19-46,3-16,23-28,0,10,3,26,14,1,28,10
2024-01-11_cal_poly_uc_riverside,Cal Poly,5-10,0-1,1-2,3-8,0-0,4-5,6-12,3-6,2-4,5-20,1-7,4-8,,,,19-50,4-14,11-19,0,13,3,24,10,1,8,28
2024-01-13_csu_bakersfield_uc_davis,UC Davis,4-14,1-7,4-4,6-13,2-5,2-2,9-16,3-7,1-2,5-14,1-6,0-0,,,,24-57,7-25,7-8,0,3,0,30,6,1,6,11
2024-01-13_csu_bakersfield_uc_davis,CSU Bakersfield,3-14,1-8,0-0,3-12,0-3,0-2,7-18,1-4,3-6,5-12,2-5,3-5,,,,18-56,4-20,6-13,0,9,0,26,6,1,9,11
2024-01-13_uc_riverside_hawaii,Hawaii,3-9,0-5,4-4,5-12,1-8,4-5,8-11,2-4,4-4,3-13,1-4,4-8,,,,19-45,4-21,16-21,0,6,4,26,2,5,12,16
2024-01-13_uc_riverside_hawaii,UC Riverside,6-14,3-6,2-2,6-13,2-5,0-0,6-16,5-10,0-0,5-12,2-4,6-8,,,,23-55,12-25,8-10,0,9,4,16,8,5,19,9
2024-01-13_uc_san_diego_cal_poly,Cal Poly,6-14,2-4,0-0,3-9,0-3,10-10,3-11,0-3,1-2,4-12,0-2,4-8,,,,16-46,2-12,15-20,0,4,2,22,4,2,4,13
2024-01-13_uc_san_diego_cal_poly,UC San Diego,2-14,0-4,2-4,5-10,3-3,1-4,4-9,1-2,4-7,1-10,0-6,4-4,,,,12-43,4-15,11-19,0,7,2,8,8,2,13,9
2024-01-13_long_beach_st_uc_santa_barbara,UC Santa Barbara,6-17,2-3,0-0,8-19,4-8,2-2,4-15,0-3,2-2,5-9,3-3,10-15,,,,23-60,9-17,14-19,0,10,0,22,2,6,16,11
2024-01-13_long_beach_st_uc_santa_barbara,Long Beach St.,6-11,2-4,1-2,3-10,1-6,0-0,8-16,3-5,2-3,4-17,1-9,4-4,,,,21-54,7-24,7-9,0,11,0,20,5,6,14,13
2024-01-13_cal_st_fullerton_csun,CSUN,6-16,0-3,2-2,6-14,0-2,3-4,3-11,0-3,4-4,9-17,1-2,4-8,,,,24-58,1-10,13-18,0,6,3,42,17,1,13,9
2024-01-13_cal_st_fullerton_csun,Cal St. Fullerton,3-15,2-7,0-0,7-15,1-6,3-4,8-15,4-7,3-4,4-12,2-2,9-12,,,,22-57,9-22,15-20,0,3,3,18,9,1,27,21
2024-01-18_uc_davis_cal_st_fullerton,Cal St. Fullerton,6-16,3-6,2-4,6-13,3-4,2-2,5-17,0-5,0-0,5-13,1-3,0-0,,,,22-59,7-18,4-6,0,6,5,24,2,9,11,13
2024-01-18_uc_davis_cal_st_fullerton,UC Davis,4-13,0-4,2-2,7-12,1-4,3-6,7-16,2-7,0-0,6-12,1-3,3-4,,,,24-53,4-18,8-12,0,8,5,38,7,9,10,8
2024-01-18_hawaii_long_beach_st,Long Beach St.,7-16,3-7,4-10,4-11,0-2,2-2,4-14,2-7,8-11,3-17,0-5,0-0,,,,18-58,5-21,14-23,0,6,5,24,14,8,21,10
2024-01-18_hawaii_long_beach_st,Hawaii,6-11,4-6,4-7,7-18,1-8,4-4,6-13,2-5,2-3,5-13,2-5,1-3,,,,24-55,9-24,11-17,0,16,5,28,11,8,21,12
2024-01-18_uc_san_diego_uc_irvine,UC Irvine,5-17,0-4,1-2,5-15,1-3,4-4,7-15,0-2,4-7,3-10,1-4,6-8,,,,20-57,2-13,15-21,0,4,5,30,13,5,26,21
2024-01-18_uc_san_diego_uc_irvine,UC San Diego,4-10,1-5,5-7,8-12,3-4,0-0,3-11,0-1,0-0,3-10,2-4,2-4,,,,18-43,6-14,7-11,0,6,5,10,5,5,9,9
2024-01-18_uc_santa_barbara_csun,CSUN,3-13,0-3,1-2,4-15,3-8,1-2,6-14,1-3,0-0,2-18,1-6,4-8,,,,15-60,5-20,6-12,0,3,4,14,2,2,10,11
2024-01-18_uc_santa_barbara_csun,UC Santa Barbara,5-16,2-7,5-6,7-20,2-6,6-6,6-18,4-6,0-0,6-14,3-8,0-0,,,,24-68,11-27,11-12,0,12,4,18,14,2,16,21
2024-01-18_uc_riverside_csu_bakersfield,CSU Bakersfield,9-14,4-8,0-0,6-15,0-4,3-4,2-16,1-8,4-4,6-16,2-6,2-3,,,,23-61,7-26,9-11,0,14,4,24,2,8,12,16
2024-01-18_uc_riverside_csu_bakersfield,UC Riverside,4-14,1-7,2-4,5-13,2-6,3-3,5-13,2-4,11-19,4-14,2-7,5-7,,,,18-54,7-24,21-33,0,8,4,20,24,8,23,11
2024-01-20_uc_irvine_uc_davis,UC Davis,5-9,0-2,4-5,6-10,3-4,2-4,6-14,3-7,3-4,5-17,1-6,1-3,,,,22-50,7-19,10-16,0,9,0,28,9,0,11,15
2024-01-20_uc_irvine_uc_davis,UC Irvine,8-15,2-2,2-3,9-14,3-3,3-4,8-15,3-6,0-0,5-10,1-4,5-7,,,,30-54,9-15,10-14,0,13,0,34,4,0,16,30
2024-01-20_hawaii_uc_san_diego,UC San Diego,2-10,1-6,0-2,6-13,0-1,2-2,7-12,1-3,4-5,3-9,0-3,8-11,,,,18-44,2-13,14-20,0,10,0,24,3,0,11,17
2024-01-20_hawaii_uc_san_diego,Hawaii,4-12,2-6,4-6,5-13,3-7,4-4,6-12,1-5,3-4,5-14,2-9,5-9,,,,20-51,8-27,16-23,0,7,0,22,5,0,10,28
2024-01-20_cal_st_fullerton_uc_santa_barbara,UC Santa Barbara,6-14,3-5,4-4,4-11,3-4,4-4,6-13,0-3,7-7,5-14,2-7,2-4,,,,21-52,8-19,17-19,0,15,4,24,7,5,3,12
2024-01-20_cal_st_fullerton_uc_santa_barbara,Cal St. Fullerton,8-15,0-2,6-6,9-14,1-4,2-2,7-14,1-4,2-3,6-13,0-2,8-8,,,,30-56,2-12,18-19,0,6,4,36,6,5,18,24
2024-01-20_cal_poly_csu_bakersfield,CSU Bakersfield,7-12,4-6,2-3,5-14,0-3,3-3,4-11,2-5,2-4,7-13,3-6,5-9,,,,23-50,9-20,12-19,0,2,5,22,15,6,20,9
2024-01-20_cal_poly_csu_bakersfield,Cal Poly,7-12,2-4,3-5,7-11,2-2,1-2,6-16,0-4,9-9,7-15,0-3,9-9,,,,27-54,4-13,22-25,0,19,5,38,11,6,27,16
2024-01-20_csun_uc_riverside,UC Riverside,5-16,1-7,0-0,4-16,2-7,0-0,5-12,2-7,6-6,7-11,0-0,4-8,,,,21-55,5-21,10-14,0,5,3,28,15,5,17,14
2024-01-20_csun_uc_riverside,CSUN,4-11,1-3,1-2,2-8,0-3,8-9,5-12,0-1,2-4,4-14,1-5,3-5,,,,15-45,2-12,14-20,0,6,3,20,3,5,6,2
2024-01-25_uc_santa_barbara_hawaii,Hawaii,3-9,2-5,1-2,5-14,2-7,2-2,7-16,0-7,1-2,5-16,0-7,5-7,,,,20-55,4-26,9-13,0,10,0,24,4,2,12,21
2024-01-25_uc_santa_barbara_hawaii,UC Santa Barbara,8-12,2-4,4-4,4-9,3-6,4-4,8-16,1-3,4-4,2-11,0-1,3-3,,,,22-48,6-14,15-15,0,6,0,22,8,2,14,17
2024-01-25_uc_irvine_long_beach_st,Long Beach St.,8-16,1-4,0-0,4-12,0-3,1-4,4-9,1-3,2-2,7-14,3-6,5-6,,,,23-51,5-16,8-12,0,9,8,20,2,5,12,21
2024-01-25_uc_irvine_long_beach_st,UC Irvine,8-14,1-4,2-4,4-12,0-3,2-2,12-22,2-5,1-4,7-17,1-4,3-3,,,,31-65,4-16,8-13,0,7,8,46,10,5,29,39
2024-01-25_uc_riverside_uc_san_diego,UC San Diego,3-15,1-6,0-0,4-14,1-3,2-5,7-15,1-4,1-2,5-11,2-6,5-6,,,,19-55,5-19,8-13,0,5,2,18,6,3,19,10
2024-01-25_uc_riverside_uc_san_diego,UC Riverside,2-13,0-3,0-0,1-14,0-4,1-2,6-12,2-3,10-13,5-20,2-9,0-0,,,,14-59,4-19,11-15,0,6,2,14,8,3,9,9
2024-01-25_cal_st_fullerton_cal_poly,Cal Poly,5-11,0-1,2-2,7-11,2-2,0-0,5-10,1-3,7-9,7-9,0-0,8-9,,,,24-41,3-6,17-20,0,8,0,38,10,1,17,18
2024-01-25_cal_st_fullerton_cal_poly,Cal St. Fullerton,9-14,0-0,1-1,3-14,0-5,0-0,6-12,3-5,1-2,3-15,0-5,8-11,,,,21-55,3-15,10-14,0,3,0,20,4,1,17,9
2024-01-25_csu_bakersfield_csun,CSUN,6-15,2-4,2-6,5-11,1-4,0-0,4-10,0-2,3-5,6-14,2-6,2-4,,,,21-50,5-16,7-15,0,5,0,26,4,1,5,24
2024-01-25_csu_bakersfield_csun,CSU Bakersfield,2-14,2-10,2-4,8-18,4-11,3-4,7-18,4-6,2-2,7-13,5-8,0-0,,,,24-63,15-35,7-10,0,4,0,16,6,1,20,46
2024-01-27_uc_san_diego_uc_davis,UC Davis,7-18,5-13,0-0,6-12,2-5,1-2,3-12,2-6,4-4,7-12,0-2,2-2,,,,23-54,9-26,7-8,0,15,2,24,4,2,11,13
2024-01-27_uc_san_diego_uc_davis,UC San Diego,5-11,3-3,1-1,7-13,4-6,1-1,2-15,1-8,4-4,2-12,0-5,3-5,,,,16-51,8-22,9-11,0,6,2,14,5,2,8,13
2024-01-27_cal_poly_hawaii,Hawaii,5-14,0-2,1-2,3-11,1-4,4-4,8-10,1-2,2-2,4-10,1-3,13-14,,,,20-45,3-11,20-22,0,9,2,30,9,2,22,15
2024-01-27_cal_poly_hawaii,Cal Poly,3-12,0-1,1-2,6-11,3-4,0-0,6-9,1-3,0-0,8-16,1-4,7-10,,,,23-48,5-12,8-12,0,5,2,26,9,2,10,19
2024-01-27_csun_uc_irvine,UC Irvine,8-21,1-8,2-4,5-12,1-3,1-2,5-19,0-5,1-3,10-17,1-7,4-6,,,,28-69,3-23,8-15,0,16,10,42,9,4,21,20
2024-01-27_csun_uc_irvine,CSUN,8-12,1-1,0-0,5-10,1-2,3-4,5-14,0-2,3-5,8-17,0-5,3-5,,,,26-53,2-10,9-14,0,9,10,32,10,4,10,21
2024-01-27_long_beach_st_uc_riverside,UC Riverside,3-16,1-4,0-0,7-17,1-5,1-1,6-16,1-2,5-7,5-14,0-3,1-1,,,,21-63,3-14,7-9,0,14,5,28,4,7,20,13
2024-01-27_long_beach_st_uc_riverside,Long Beach St.,8-16,5-7,0-0,2-7,1-4,0-0,4-10,2-3,3-4,5-13,0-0,5-6,,,,19-46,8-14,8-10,0,7,5,16,8,7,24,18
2024-01-27_csu_bakersfield_cal_st_fullerton,Cal St. Fullerton,6-19,1-6,2-2,7-18,3-8,0-0,5-13,3-5,0-0,4-13,2-7,1-2,,,,22-63,9-26,3-4,0,4,1,24,5,2,10,13
2024-01-27_csu_bakersfield_cal_st_fullerton,CSU Bakersfield,7-19,3-8,0-0,8-15,5-6,0-0,5-13,2-7,0-0,6-15,2-7,2-2,,,,26-62,12-28,2-2,0,7,1,22,3,2,18,19
2024-02-01_uc_davis_uc_santa_barbara,UC Santa Barbara,4-13,2-4,6-7,2-15,2-6,1-4,8-17,5-8,6-7,4-18,1-4,3-3,,,,18-63,10-22,16-21,0,16,1,14,14,1,13,10
2024-02-01_uc_davis_uc_santa_barbara,UC Davis,7-16,3-9,1-2,15-16,4-5,1-1,3-15,1-8,3-3,6-13,3-4,4-5,,,,31-60,11-26,9-11,0,13,1,34,16,1,15,20
2024-02-01_hawaii_cal_st_fullerton,Cal St. Fullerton,6-17,3-9,1-1,4-10,1-4,0-0,7-12,1-3,4-4,5-12,0-6,7-10,,,,22-51,5-22,12-15,0,2,9,22,5,6,13,7
2024-02-01_hawaii_cal_st_fullerton,Hawaii,5-14,1-7,0-1,4-14,1-6,2-3,8-13,2-4,5-5,6-15,0-6,9-15,,,,23-56,4-23,16-24,0,8,9,30,15,6,14,35
2024-02-01_csun_uc_san_diego,UC San Diego,6-20,2-9,2-2,4-16,2-9,6-8,4-18,2-8,0-1,4-14,0-2,3-4,,,,18-68,6-28,11-15,0,8,4,14,13,0,7,12
2024-02-01_csun_uc_san_diego,CSUN,1-13,1-5,5-6,2-11,1-4,3-6,7-17,3-7,1-2,7-16,2-6,2-3,,,,17-57,7-22,11-17,0,5,4,18,10,0,8,16
2024-02-01_long_beach_st_csu_bakersfield,CSU Bakersfield,4-12,4-9,2-2,5-11,1-4,1-2,7-20,1-7,4-5,5-14,2-7,0-0,,,,21-57,8-27,7-9,0,13,0,16,9,2,11,16
2024-02-01_long_beach_st_csu_bakersfield,Long Beach St.,10-20,2-8,0-1,11-17,2-5,0-1,8-13,1-3,2-2,2-15,0-4,1-2,,,,31-65,5-20,3-6,0,15,0,44,12,2,20,27
2024-02-03_uc_davis_cal_poly,Cal Poly,5-10,1-3,2-2,3-10,2-3,5-6,5-11,1-2,2-2,3-8,2-4,10-12,,,,16-39,6-12,19-22,0,5,8,12,12,12,17,13
2024-02-03_uc_davis_cal_poly,UC Davis,4-13,1-5,3-3,5-11,2-6,2-3,5-12,0-5,1-2,4-16,1-7,1-2,,,,18-52,4-23,7-10,0,1,8,28,8,12,16,4
2024-02-03_hawaii_uc_irvine,UC Irvine,4-16,0-4,1-5,4-18,0-4,1-3,5-17,0-4,3-3,3-13,0-3,6-6,,,,16-64,0-15,11-17,1,5,1,32,4,4,12,18
2024-02-03_hawaii_uc_irvine,Hawaii,3-11,1-5,6-6,6-12,1-7,1-5,5-10,1-5,2-2,4-10,2-7,5-7,,,,18-43,5-24,14-20,0,7,1,22,4,4,8,13
2024-02-03_uc_san_diego_long_beach_st,Long Beach St.,3-15,2-6,1-2,3-14,1-3,0-0,4-10,0-6,9-9,4-21,1-11,3-4,,,,14-60,4-26,13-15,0,9,0,18,8,0,16,11
2024-02-03_uc_san_diego_long_beach_st,UC San Diego,8-14,5-9,3-4,6-16,0-5,5-5,6-15,3-9,3-4,8-12,1-4,2-6,,,,28-57,9-27,13-19,0,16,0,32,9,0,15,9
2024-02-03_uc_santa_barbara_csu_bakersfield,CSU Bakersfield,5-14,2-7,0-0,6-13,0-3,0-0,6-17,1-6,1-2,5-13,1-2,6-6,,,,22-57,4-18,7-8,0,3,8,30,4,7,12,16
2024-02-03_uc_santa_barbara_csu_bakersfield,UC Santa Barbara,4-18,0-7,2-2,6-14,0-6,2-2,4-13,1-5,5-5,6-13,2-5,5-9,,,,20-58,3-23,14-18,0,9,8,34,8,7,10,23
2024-02-03_uc_riverside_csun,CSUN,3-11,1-2,2-3,4-18,0-5,1-1,5-11,1-2,5-6,5-16,2-8,0-0,,,,17-56,4-17,8-10,0,3,3,26,12,3,12,19
2024-02-03_uc_riverside_csun,UC Riverside,8-18,1-6,0-0,5-16,1-6,1-2,9-15,1-1,0-0,9-15,3-4,1-2,,,,31-64,6-17,2-4,0,0,3,36,10,3,24,21
2024-02-08_cal_st_fullerton_uc_davis,UC Davis,3-13,1-5,0-0,5-12,3-6,2-4,6-15,1-6,1-3,8-11,3-6,6-9,,,,22-51,8-23,9-16,0,4,4,28,14,4,20,10
2024-02-08_cal_st_fullerton_uc_davis,Cal St. Fullerton,5-12,0-1,2-5,5-14,0-2,2-2,3-12,0-4,0-0,6-14,2-6,4-4,,,,19-52,2-13,8-11,0,2,4,28,3,4,15,18
2024-02-08_uc_san_diego_hawaii,Hawaii,9-16,2-7,1-3,5-14,1-6,2-2,5-15,5-13,2-2,5-14,0-2,3-3,,,,24-59,8-28,8-10,0,8,0,26,14,0,18,21
2024-02-08_uc_san_diego_hawaii,UC San Diego,5-11,2-4,2-3,3-14,1-4,3-4,3-10,1-4,6-7,6-18,1-5,2-5,,,,17-53,5-17,13-19,0,13,0,14,2,0,9,14
2024-02-08_uc_irvine_uc_santa_barbara,UC Santa Barbara,3-10,1-5,2-2,3-10,2-6,2-2,3-14,1-4,1-2,3-10,1-3,4-4,,,,12-44,5-18,9-10,0,0,0,10,4,0,11,16
2024-02-08_uc_irvine_uc_santa_barbara,UC Irvine,6-16,0-2,1-1,6-17,1-3,2-2,6-16,1-2,3-4,6-13,2-5,2-2,,,,24-62,4-12,8-9,0,10,0,38,4,0,17,32
2024-02-08_cal_poly_csun,CSUN,6-12,1-3,5-8,4-14,1-3,3-3,7-13,3-3,2-2,4-9,2-3,9-15,,,,21-48,7-12,19-28,0,12,1,26,12,3,25,16
2024-02-08_cal_poly_csun,Cal Poly,4-12,2-6,3-5,5-13,1-2,4-8,6-16,2-5,2-2,6-10,1-1,18-23,,,,21-51,6-14,27-38,0,12,1,30,19,3,21,6
2024-02-08_csu_bakersfield_uc_riverside,UC Riverside,3-15,0-3,0-0,5-11,1-3,6-6,4-14,0-6,3-3,7-13,3-6,3-4,,,,19-53,4-18,12-13,0,9,1,28,15,5,16,6
2024-02-08_csu_bakersfield_uc_riverside,CSU Bakersfield,5-13,2-5,0-0,6-11,1-4,0-0,5-12,3-7,0-0,3-12,0-7,4-4,,,,19-48,6-23,4-4,0,3,1,20,3,5,16,7
2024-02-10_uc_davis_hawaii,Hawaii,6-12,4-6,4-6,4-14,1-9,2-3,3-13,2-7,5-6,3-15,0-3,1-3,,,,16-54,7-25,12-18,0,9,3,14,2,3,13,14
2024-02-10_uc_davis_hawaii,UC Davis,7-14,1-7,0-1,3-13,0-4,0-0,5-10,3-6,7-7,9-12,1-4,1-1,,,,24-49,5-21,8-9,0,2,3,36,6,3,6,22
2024-02-10_uc_irvine_uc_riverside,UC Riverside,7-13,2-4,2-2,6-14,2-4,0-0,6-17,0-1,1-1,1-14,0-3,6-8,,,,20-58,4-12,9-11,0,8,7,26,4,8,13,7
2024-02-10_uc_irvine_uc_riverside,UC Irvine,8-11,2-3,0-0,6-11,0-2,5-6,4-14,0-3,0-0,5-12,0-3,9-10,,,,23-48,2-11,14-16,0,2,7,32,2,8,13,19
2024-02-10_csun_uc_santa_barbara,UC Santa Barbara,8-15,4-9,2-2,5-13,1-5,2-4,5-15,1-6,1-2,4-14,2-7,7-9,,,,22-57,8-27,12-17,0,12,4,22,8,4,10,25
2024-02-10_csun_uc_santa_barbara,CSUN,6-16,1-3,3-3,6-14,0-5,5-5,3-16,1-4,1-2,7-16,1-5,4-5,,,,22-62,3-17,13-15,0,3,4,36,19,4,15,11
2024-02-10_cal_poly_long_beach_st,Long Beach St.,10-14,2-2,5-6,9-15,0-4,8-8,4-10,1-2,4-8,4-20,0-5,2-4,,,,27-59,3-13,19-26,0,18,1,36,20,1,21,30
2024-02-10_cal_poly_long_beach_st,Cal Poly,5-15,1-5,2-2,5-14,1-4,14-14,9-18,0-2,2-3,7-14,3-7,9-10,,,,26-61,5-18,27-29,0,16,1,28,19,1,29,12
2024-02-10_cal_st_fullerton_csu_bakersfield,CSU Bakersfield,11-15,1-3,0-0,5-10,1-4,2-4,9-17,0-3,0-0,4-12,3-6,4-10,,,,29-54,5-16,6-14,0,11,0,40,5,0,18,14
2024-02-10_cal_st_fullerton_csu_bakersfield,Cal St. Fullerton,3-10,2-7,2-2,5-17,1-5,0-0,9-13,4-6,1-1,6-16,2-8,3-6,,,,23-56,9-26,6-9,0,17,0,22,6,0,14,19
2024-02-15_long_beach_st_uc_davis,UC Davis,5-18,2-10,0-0,4-16,1-7,2-2,2-15,2-9,0-0,8-20,3-7,4-5,,,,19-69,8-33,6-7,0,12,3,14,0,0,10,19
2024-02-15_long_beach_st_uc_davis,Long Beach St.,6-14,3-7,2-2,7-15,0-4,7-10,9-18,2-4,1-2,6-13,1-2,6-6,,,,28-60,6-17,16-20,0,11,3,34,6,0,24,29
2024-02-15_hawaii_cal_poly,Cal Poly,5-12,1-4,3-6,3-13,2-6,0-0,5-12,1-3,2-2,4-14,2-6,2-2,,,,17-51,6-19,7-10,1,14,4,20,0,3,14,14
2024-02-15_hawaii_cal_poly,Hawaii,7-13,2-4,1-4,4-12,0-3,3-4,2-10,0-4,6-6,5-9,1-2,10-12,,,,18-44,3-13,20-26,0,9,4,24,5,3,16,16
2024-02-15_uc_santa_barbara_uc_san_diego,UC San Diego,6-13,2-5,1-1,4-15,1-3,0-0,5-14,1-2,5-5,4-15,2-7,2-2,,,,19-57,6-17,8-8,0,11,4,16,5,5,10,8
2024-02-15_uc_santa_barbara_uc_san_diego,UC Santa Barbara,4-10,2-5,4-4,2-12,1-6,0-0,7-16,2-5,0-0,7-11,2-2,9-13,,,,20-49,7-18,13-17,0,7,4,22,13,5,18,14
2024-02-15_csun_csu_bakersfield,CSU Bakersfield,4-17,2-8,0-0,5-15,4-11,0-0,3-13,1-5,8-10,8-12,6-9,0-0,,,,20-57,13-33,8-10,0,5,1,8,3,1,6,30
2024-02-15_csun_csu_bakersfield,CSUN,6-16,2-4,0-0,4-19,1-5,4-6,5-18,1-3,1-2,4-13,0-4,3-5,,,,19-66,4-16,8-13,0,7,1,22,4,1,9,8
2024-02-15_uc_riverside_cal_st_fullerton,Cal St. Fullerton,2-8,0-2,1-2,8-12,0-1,4-6,5-12,1-3,1-2,6-12,2-2,5-10,,,,21-44,3-8,11-20,0,9,1,28,5,1,13,30
2024-02-15_uc_riverside_cal_st_fullerton,UC Riverside,5-17,3-7,2-2,4-15,0-3,5-7,12-20,2-5,0-0,3-10,0-2,7-10,,,,24-62,5-17,14-19,0,20,1,24,10,1,22,10
2024-02-17_uc_riverside_uc_davis,UC Davis,2-11,0-7,1-1,6-11,2-5,0-0,3-12,2-7,2-2,5-14,2-8,0-0,,,,16-48,6-27,3-3,0,11,0,18,4,1,9,6
2024-02-17_uc_riverside_uc_davis,UC Riverside,5-14,1-5,2-2,5-17,0-2,1-2,3-13,0-1,6-6,4-14,2-5,4-4,,,,17-58,3-13,13-14,0,11,0,24,13,1,22,5
2024-02-17_hawaii_uc_santa_barbara,UC Santa Barbara,5-14,1-5,2-2,7-15,5-9,0-0,6-14,2-4,1-3,6-18,4-11,1-2,,,,24-61,12-29,4-7,0,6,6,22,5,6,5,20
2024-02-17_hawaii_uc_santa_barbara,Hawaii,4-13,1-7,4-4,6-16,2-5,0-0,8-14,3-5,2-3,6-12,1-4,7-13,,,,24-55,7-21,13-20,0,5,6,28,4,6,13,24
2024-02-17_csu_bakersfield_uc_irvine,UC Irvine,7-22,2-8,2-2,5-17,1-5,3-4,4-18,1-8,8-8,7-17,1-6,8-11,,,,23-74,5-27,21-25,0,28,6,30,12,9,21,33
2024-02-17_csu_bakersfield_uc_irvine,CSU Bakersfield,2-10,1-2,5-6,6-13,3-6,3-3,9-13,3-5,1-1,6-14,5-11,1-2,,,,23-50,12-24,10-12,0,2,6,16,2,9,16,13
2024-02-17_cal_st_fullerton_uc_san_diego,UC San Diego,4-11,2-5,1-2,5-12,3-6,3-3,6-10,1-4,4-5,1-12,0-6,0-2,,,,16-45,6-21,8-12,0,2,3,18,3,4,11,6
2024-02-17_cal_st_fullerton_uc_san_diego,Cal St. Fullerton,2-9,1-3,5-6,8-14,2-7,3-3,5-15,1-5,5-6,6-10,0-0,1-2,,,,21-48,4-15,14-17,0,11,3,30,10,4,20,10
2024-02-17_long_beach_st_csun,CSUN,5-13,1-6,3-6,6-18,0-2,1-2,9-16,2-4,2-6,5-17,1-3,2-5,,,,25-64,4-15,8-19,0,5,0,34,2,2,15,10
2024-02-17_long_beach_st_csun,Long Beach St.,9-22,1-5,2-2,4-18,1-8,6-9,11-19,4-6,3-7,8-20,5-9,0-0,,,,32-79,11-28,11-18,0,18,0,40,19,2,40,15
2024-02-22_uc_davis_csun,CSUN,4-18,0-2,3-4,3-12,1-4,4-6,1-14,0-3,3-4,10-19,3-6,4-4,,,,18-63,4-15,14-18,0,12,2,18,14,4,9,17
2024-02-22_uc_davis_csun,UC Davis,3-13,0-9,4-6,8-14,4-8,1-2,5-15,2-8,2-2,4-13,0-3,5-8,,,,20-55,6-28,12-18,0,11,2,24,11,4,10,9
2024-02-22_uc_santa_barbara_uc_irvine,UC Irvine,6-19,1-4,3-4,5-14,0-2,2-4,7-15,1-4,2-2,3-15,0-4,3-7,,,,21-63,2-14,10-17,0,10,0,36,2,0,17,19
2024-02-22_uc_santa_barbara_uc_irvine,UC Santa Barbara,1-6,0-1,3-6,5-14,0-2,3-4,4-8,1-2,1-2,7-15,2-5,2-4,,,,17-43,3-10,9-16,0,10,0,24,11,0,8,24
2024-02-22_uc_san_diego_uc_riverside,UC Riverside,4-12,1-4,4-7,9-14,3-4,0-0,6-15,1-4,1-2,5-15,3-8,2-2,,,,24-56,8-20,7-11,0,9,1,28,9,6,24,10
2024-02-22_uc_san_diego_uc_riverside,UC San Diego,5-14,2-4,2-2,5-14,1-6,0-0,3-13,1-5,2-2,6-15,2-5,0-0,,,,19-56,6-20,4-4,0,13,1,22,0,6,9,12
2024-02-22_cal_poly_cal_st_fullerton,Cal St. Fullerton,7-15,1-4,0-0,4-14,0-2,0-0,4-15,0-2,2-4,4-15,1-4,5-7,,,,19-59,2-12,7-11,0,9,2,20,7,7,18,14
2024-02-22_cal_poly_cal_st_fullerton,Cal Poly,6-13,0-3,4-4,6-9,2-2,0-0,6-13,1-2,2-4,4-8,1-2,4-4,,,,22-43,4-9,10-12,0,11,2,30,4,7,20,24
2024-02-22_csu_bakersfield_long_beach_st,Long Beach St.,8-16,4-8,3-4,5-14,3-8,3-6,6-12,3-6,2-4,4-13,0-5,5-10,,,,23-55,10-27,13-24,0,15,5,24,14,5,19,17
2024-02-22_csu_bakersfield_long_beach_st,CSU Bakersfield,8-14,3-6,6-6,6-14,2-5,2-2,3-12,0-2,5-6,4-16,0-5,7-10,,,,21-56,5-18,20-24,0,8,5,26,11,5,15,8
2024-02-24_uc_davis_csu_bakersfield,CSU Bakersfield,6-15,2-4,0-0,4-12,0-1,4-4,4-16,3-7,7-7,6-12,2-5,4-6,,,,20-55,7-17,15-17,0,3,0,20,4,2,7,8
2024-02-24_uc_davis_csu_bakersfield,UC Davis,8-12,7-10,2-2,6-15,2-9,3-3,4-9,2-5,3-4,8-11,1-3,6-8,,,,26-47,12-27,14-17,0,8,0,28,10,2,12,21
2024-02-24_long_beach_st_hawaii,Hawaii,8-14,2-5,1-1,7-16,2-7,0-0,8-17,2-8,0-0,10-14,2-2,5-6,,,,33-61,8-22,6-7,0,11,1,50,8,0,16,45
2024-02-24_long_beach_st_hawaii,Long Beach St.,3-18,2-9,3-4,5-16,1-6,6-7,5-16,3-6,0-0,11-16,2-7,3-5,,,,24-66,8-28,12-16,0,12,1,24,8,0,14,16
2024-02-24_uc_irvine_uc_san_diego,UC San Diego,3-12,0-3,4-4,8-16,4-6,0-3,4-10,2-6,4-4,4-8,2-6,5-8,,,,19-46,8-21,13-19,0,19,4,28,6,3,9,9
2024-02-24_uc_irvine_uc_san_diego,UC Irvine,6-9,2-5,1-2,4-15,1-8,3-3,7-13,0-1,6-8,4-14,2-6,2-2,,,,21-51,5-20,12-15,0,9,4,32,10,3,21,17
2024-02-24_uc_riverside_cal_poly,Cal Poly,5-13,1-3,5-7,7-14,1-1,2-3,3-9,0-1,2-2,4-11,1-2,1-2,,,,19-47,3-7,10-14,0,14,6,32,2,3,19,15
2024-02-24_uc_riverside_cal_poly,UC Riverside,6-14,1-5,0-0,4-11,1-4,1-2,3-12,1-3,0-2,8-16,1-3,4-6,,,,21-53,4-15,5-10,0,13,6,34,5,3,18,18
2024-02-24_csun_cal_st_fullerton,Cal St. Fullerton,7-19,2-6,3-3,11-18,3-5,1-1,7-15,2-4,4-4,4-14,0-4,2-2,,,,29-66,7-19,10-10,0,16,3,38,6,1,12,23
2024-02-24_csun_cal_st_fullerton,CSUN,4-14,0-4,1-2,7-16,1-4,2-3,3-13,0-5,8-10,7-15,1-7,2-2,,,,21-58,2-20,13-17,0,4,3,36,14,1,12,12
2024-02-29_hawaii_uc_davis,UC Davis,7-16,0-6,0-0,5-14,1-7,1-2,5-15,3-7,4-6,4-12,2-6,1-2,1-6,0-4,1-3,22-63,6-30,7-13,0,6,4,26,6,5,6,8
2024-02-29_hawaii_uc_davis,Hawaii,5-13,1-7,0-0,6-14,2-4,4-4,3-13,1-7,5-8,5-14,3-5,0-0,3-6,2-3,1-2,22-60,9-26,10-14,0,0,4,24,4,5,14,29
2024-02-29_uc_irvine_csun,CSUN,4-14,1-3,3-4,3-13,0-1,0-0,8-16,1-3,0-3,5-14,2-3,7-9,,,,20-57,4-10,10-16,0,8,0,22,4,1,15,15
2024-02-29_uc_irvine_csun,UC Irvine,7-17,0-6,5-7,3-14,1-7,2-2,5-12,2-5,4-6,7-18,2-6,4-4,,,,22-61,5-24,15-19,0,21,0,26,4,1,9,29
2024-02-29_uc_san_diego_csu_bakersfield,CSU Bakersfield,4-12,1-5,3-4,3-16,1-10,3-3,2-15,1-8,1-2,5-18,2-12,3-4,,,,14-61,5-35,10-13,0,7,7,14,4,4,12,8
2024-02-29_uc_san_diego_csu_bakersfield,UC San Diego,6-21,0-10,0-0,4-11,2-5,0-0,5-14,1-4,3-4,4-15,1-6,5-10,,,,19-61,4-25,8-14,0,12,7,20,5,4,6,5
2024-02-29_cal_poly_uc_santa_barbara,UC Santa Barbara,5-11,0-2,5-7,4-18,2-9,0-2,4-11,2-6,3-4,8-15,5-11,5-7,,,,21-55,9-28,13-20,0,11,8,22,2,4,2,11
2024-02-29_cal_poly_uc_santa_barbara,Cal Poly,6-15,0-2,0-0,5-11,2-5,4-8,10-16,2-6,3-3,5-11,2-2,8-12,,,,26-53,6-15,15-23,0,2,8,34,19,4,17,22
2024-02-29_cal_st_fullerton_long_beach_st,Long Beach St.,6-20,3-7,0-0,8-15,4-6,3-3,5-12,1-4,2-4,7-18,3-5,6-6,,,,26-65,11-22,11-13,0,11,2,26,19,7,26,17
2024-02-29_cal_st_fullerton_long_beach_st,Cal St. Fullerton,10-19,1-4,2-2,5-14,0-2,0-0,4-16,1-4,1-1,5-13,2-6,4-6,,,,24-62,4-16,7-9,0,14,2,34,5,7,15,17
2024-03-02_hawaii_uc_riverside,UC Riverside,4-14,3-6,0-0,3-11,0-7,2-3,5-13,1-1,3-8,4-17,1-3,9-9,,,,16-55,5-17,14-20,1,8,1,14,4,2,16,2
2024-03-02_hawaii_uc_riverside,Hawaii,6-15,2-8,0-0,4-13,2-6,6-7,6-13,2-6,2-2,5-9,2-3,4-5,,,,21-50,8-23,12-14,1,7,1,22,6,2,12,37
2024-03-02_long_beach_st_uc_irvine,UC Irvine,6-17,1-1,2-4,6-13,2-4,0-2,6-15,2-4,4-6,7-13,1-3,8-11,,,,25-58,6-12,14-23,0,15,7,34,3,7,16,32
2024-03-02_long_beach_st_uc_irvine,Long Beach St.,6-11,1-2,3-6,4-9,0-1,2-2,5-15,2-4,4-6,10-18,5-6,3-4,,,,25-53,8-13,12-18,0,7,7,26,9,7,20,24
2024-03-02_uc_san_diego_csun,CSUN,4-13,0-4,2-2,4-15,1-5,1-1,7-18,1-3,0-0,5-11,2-4,10-11,3-5,1-2,2-4,23-62,5-18,15-18,0,10,2,24,12,3,14,17
2024-03-02_uc_san_diego_csun,UC San Diego,5-18,2-11,5-8,4-19,0-7,2-4,6-18,1-6,3-3,5-14,0-3,4-8,2-11,0-5,3-3,22-80,3-32,17-26,0,16,2,26,8,3,17,11
2024-03-02_uc_santa_barbara_cal_st_fullerton,Cal St. Fullerton,9-13,0-0,1-2,6-13,1-2,3-4,7-16,1-2,4-5,6-11,2-4,10-11,,,,28-53,4-8,18-22,0,4,0,36,12,0,13,21
2024-03-02_uc_santa_barbara_cal_st_fullerton,UC Santa Barbara,3-15,0-5,0-0,6-11,3-5,7-7,4-12,1-6,5-11,8-17,5-14,2-2,,,,21-55,9-30,14-20,0,9,0,20,6,0,11,16
2024-03-02_csu_bakersfield_cal_poly,Cal Poly,3-13,2-6,2-2,10-19,4-7,0-0,6-10,1-3,4-4,8-15,1-5,6-9,,,,27-57,8-21,12-15,0,10,2,36,6,2,19,18
2024-03-02_csu_bakersfield_cal_poly,CSU Bakersfield,6-12,2-2,0-0,2-10,0-2,0-0,7-13,1-4,2-4,5-11,1-4,10-13,,,,20-46,4-12,12-17,0,0,2,24,11,2,11,11
2024-03-07_uc_davis_uc_san_diego,UC San Diego,5-17,1-6,0-0,4-14,1-5,6-6,2-15,2-8,2-3,6-19,1-4,9-13,,,,17-65,5-23,17-22,0,17,4,16,7,3,13,18
2024-03-07_uc_davis_uc_san_diego,UC Davis,6-14,2-8,2-2,6-16,3-7,4-4,6-19,2-8,1-2,3-9,1-5,7-12,,,,21-58,8-28,14-20,0,11,4,26,13,3,9,14
2024-03-07_csun_hawaii,Hawaii,7-16,3-8,2-2,7-17,3-9,0-0,3-15,1-7,6-8,6-11,2-6,2-4,,,,23-59,9-30,10-14,0,11,2,26,4,2,19,18
2024-03-07_csun_hawaii,CSUN,6-12,1-4,5-6,3-11,2-5,3-4,6-14,1-2,3-6,7-14,1-3,2-2,,,,22-51,5-14,13-18,0,8,2,20,4,2,16,16
2024-03-07_cal_poly_uc_irvine,UC Irvine,6-17,0-3,0-0,6-9,0-0,2-4,7-19,0-3,5-5,7-11,1-4,5-7,,,,26-56,1-10,12-16,0,8,2,40,8,2,24,31
2024-03-07_cal_poly_uc_irvine,Cal Poly,4-12,0-3,0-0,3-12,1-4,2-4,1-12,0-5,0-0,4-12,0-4,4-9,,,,12-48,1-16,6-13,0,5,2,18,2,2,5,3
2024-03-07_uc_santa_barbara_long_beach_st,Long Beach St.,6-14,1-4,0-0,7-13,0-3,1-1,10-17,0-4,1-4,10-15,2-3,4-5,,,,33-59,3-14,6-10,0,12,0,50,11,2,23,11
2024-03-07_uc_santa_barbara_long_beach_st,UC Santa Barbara,3-14,0-7,2-2,12-17,2-3,1-2,7-13,1-3,4-4,6-14,1-5,2-3,,,,28-58,4-18,9-11,0,12,0,42,4,2,10,14
2024-03-07_cal_st_fullerton_uc_riverside,UC Riverside,8-14,5-6,0-0,5-16,1-4,5-5,7-19,1-6,0-0,6-13,1-5,0-0,,,,26-62,8-21,5-5,0,10,3,26,7,1,21,10
2024-03-07_cal_st_fullerton_uc_riverside,Cal St. Fullerton,7-12,0-0,1-2,5-10,2-2,0-0,6-20,0-6,1-2,3-10,0-2,4-7,,,,21-52,2-10,6-11,0,8,3,26,5,1,10,13
2024-03-09_uc_davis_long_beach_st,Long Beach St.,7-14,2-6,0-1,4-13,1-2,6-8,6-19,1-6,0-1,4-15,1-3,5-8,,,,21-61,5-17,11-18,0,8,0,24,10,0,16,22
2024-03-09_uc_davis_long_beach_st,UC Davis,9-13,5-6,0-0,7-12,5-8,3-4,6-14,2-5,2-3,4-17,1-5,0-0,,,,26-56,13-24,5-7,0,7,0,22,13,0,13,8
2024-03-09_csu_bakersfield_hawaii,Hawaii,9-14,4-7,3-3,4-15,2-9,2-2,10-17,8-11,0-0,8-12,3-6,1-4,,,,31-58,17-33,6-9,0,11,0,26,7,0,8,33
2024-03-09_csu_bakersfield_hawaii,CSU Bakersfield,4-17,2-9,4-4,5-14,1-6,2-2,3-13,1-6,3-8,5-19,1-6,0-0,,,,17-63,5-27,9-14,0,12,0,20,0,0,6,13
2024-03-09_uc_irvine_cal_st_fullerton,Cal St. Fullerton,3-15,0-5,0-0,5-13,0-1,2-2,7-12,2-3,0-0,8-19,2-5,1-2,,,,23-59,4-14,3-4,0,10,0,34,4,0,8,24
2024-03-09_uc_irvine_cal_st_fullerton,UC Irvine,6-15,0-1,3-4,8-15,2-4,2-2,5-15,1-2,3-8,7-12,1-4,5-5,,,,26-57,4-11,13-19,0,15,0,36,2,0,10,35
2024-03-09_cal_poly_uc_san_diego,UC San Diego,3-10,1-4,3-5,4-14,1-5,3-6,7-17,1-5,2-2,3-11,1-5,6-8,,,,17-52,4-19,14-21,0,13,4,14,7,2,11,12
2024-03-09_cal_poly_uc_san_diego,Cal Poly,5-15,2-6,1-2,4-11,1-3,6-10,6-15,2-5,0-0,5-14,1-5,6-7,,,,20-55,6-19,13-19,0,6,4,26,7,2,17,17
2024-03-09_uc_riverside_uc_santa_barbara,UC Santa Barbara,3-7,0-1,2-2,5-15,1-7,2-2,5-13,1-5,1-1,3-12,1-7,6-7,,,,16-47,3-20,11-12,0,7,2,24,4,1,14,20
2024-03-09_uc_riverside_uc_santa_barbara,UC Riverside,6-12,1-3,2-5,5-18,0-5,1-1,5-14,0-3,2-3,3-9,0-1,9-12,,,,19-53,1-12,14-21,0,11,2,26,16,1,13,23
2024-03-13_uc_davis_cal_st_fullerton,Cal St. Fullerton,5-15,1-6,1-1,5-17,4-6,0-0,5-18,2-6,2-4,6-18,1-4,3-3,,,,21-68,8-22,6-8,0,6,0,20,1,2,13,27
2024-03-13_uc_davis_cal_st_fullerton,UC Davis,6-11,5-9,0-0,11-14,5-7,2-2,7-15,4-7,0-2,6-15,3-9,2-2,,,,30-55,17-32,4-6,0,8,0,22,6,2,24,20
2024-03-13_uc_santa_barbara_long_beach_st,Long Beach St.,11-23,4-9,1-1,8-14,4-6,7-7,5-17,1-5,0-0,7-13,3-7,8-10,,,,31-67,12-27,16-18,0,14,0,24,23,0,21,34
2024-03-13_uc_santa_barbara_long_beach_st,UC Santa Barbara,6-19,2-6,4-5,6-14,3-8,1-2,11-19,4-9,2-2,5-19,1-12,2-3,,,,28-71,10-35,9-12,0,8,0,26,16,0,14,11
2024-03-14_cal_poly_uc_davis,UC Davis,4-7,1-1,4-4,7-15,1-3,0-1,4-17,4-9,1-1,3-12,0-3,9-16,,,,18-51,6-16,14-22,0,2,0,22,12,2,12,16
2024-03-14_cal_poly_uc_davis,Cal Poly,2-15,2-5,0-0,4-13,0-3,4-5,5-16,2-5,0-0,6-18,1-8,5-6,,,,17-62,5-21,9-11,0,2,0,24,13,2,12,10
2024-03-14_uc_riverside_long_beach_st,Long Beach St.,9-21,1-5,2-2,3-13,0-6,4-5,9-18,2-6,2-9,7-15,1-5,1-2,,,,28-67,4-22,9-18,0,13,11,44,12,12,14,24
2024-03-14_uc_riverside_long_beach_st,UC Riverside,4-12,0-3,2-3,10-21,3-6,0-0,8-14,0-2,4-4,6-13,3-7,1-1,,,,28-60,6-18,7-8,0,17,11,36,15,12,10,9
2024-03-15_hawaii_uc_davis,UC Davis,2-9,2-4,2-2,5-16,4-9,1-2,5-13,3-5,3-4,3-14,2-8,4-4,,,,15-52,11-26,10-12,0,5,3,8,2,5,16,5
2024-03-15_hawaii_uc_davis,Hawaii,4-18,1-5,0-0,4-10,3-6,0-0,5-14,2-5,4-5,3-10,1-5,5-8,,,,16-52,7-21,9-13,0,8,3,18,6,5,9,22
2024-03-15_uc_irvine_long_beach_st,Long Beach St.,3-14,1-9,2-2,8-15,2-5,6-7,5-13,1-2,0-0,4-13,2-4,3-4,,,,20-55,6-20,11-13,0,7,2,22,11,7,14,15
2024-03-15_uc_irvine_long_beach_st,UC Irvine,8-14,2-3,2-2,8-16,1-2,2-5,9-19,0-2,1-3,3-13,0-4,5-8,,,,28-62,3-11,10-18,0,8,2,38,5,7,18,16
2024-03-16_uc_irvine_uc_davis,UC Davis,4-15,1-6,0-0,3-15,0-7,4-4,1-9,0-5,2-2,6-14,4-9,0-0,,,,14-53,5-27,6-6,0,7,1,14,2,0,15,8
2024-03-16_uc_irvine_uc_davis,UC Irvine,6-15,0-2,4-4,1-8,0-0,3-6,8-16,4-5,3-4,2-10,0-3,5-6,,,,17-49,4-10,15-20,0,11,1,18,5,0,15,4
2024-03-21_california_hawaii,Hawaii,7-17,1-5,3-4,2-14,0-2,0-0,4-10,3-6,1-3,6-14,3-6,11-11,,,,19-55,7-19,15-18,0,9,4,24,6,8,18,19
2024-03-21_california_hawaii,California,6-16,1-6,0-0,3-10,3-7,1-4,7-20,4-11,2-3,6-10,3-5,7-9,,,,22-56,11-29,10-16,0,15,4,14,3,8,13,27
2024-03-21_pacific_cal_poly,Cal Poly,2-14,0-4,0-0,7-17,4-9,1-2,3-18,2-10,0-0,2-16,1-6,7-8,,,,14-65,7-29,8-10,0,6,0,12,0,0,14,18
2024-03-21_pacific_cal_poly,Pacific,5-15,2-4,2-2,6-12,1-5,3-5,3-12,1-2,4-4,8-16,1-2,5-8,,,,22-55,5-13,14-19,0,16,0,24,11,0,18,18
2024-03-22_south_dakota_uc_riverside,UC Riverside,11-20,2-4,0-0,5-13,0-4,0-0,3-21,2-9,0-2,4-15,0-4,7-8,,,,23-69,4-21,7-10,0,11,5,22,8,5,19,11
2024-03-22_south_dakota_uc_riverside,South Dakota,6-14,2-5,6-6,7-19,3-10,0-0,4-10,2-6,0-0,8-16,3-6,6-7,,,,25-59,10-27,12-13,0,13,5,30,0,5,8,29
2024-03-23_gonzaga_uc_irvine,UC Irvine,7-13,2-5,1-1,4-17,0-6,0-0,3-15,1-6,4-6,5-14,1-4,9-9,,,,19-59,4-21,14-16,0,16,2,26,2,5,16,18
2024-03-23_gonzaga_uc_irvine,Gonzaga,5-16,0-8,0-0,8-18,2-6,2-2,10-15,4-7,1-1,8-14,1-2,3-4,,,,31-63,7-23,6-7,0,14,2,36,6,5,16,6
