game_id,team,q1_fg,q1_3p,q1_ft,q2_fg,q2_3p,q2_ft,q3_fg,q3_3p,q3_ft,q4_fg,q4_3p,q4_ft,total_fg,total_3p,total_ft,technical_fouls,second_chance_pts,scores_tied,pts_in_paint,fast_break_pts,lead_changes,pts_off_turnovers,bench_pts
2025-11-05_san_francisco_unc_greensboro,UNC Greensboro,6-16,3-6,0-0,1-17,0-6,1-2,5-16,4-9,6-6,0-17,0-10,2-2,12-66,7-31,9-10,0,0,1,8,2,2,13,2
2025-11-05_san_francisco_unc_greensboro,San Francisco,9-13,0-3,4-4,4-14,2-4,1-2,6-10,1-4,4-4,6-20,1-3,1-2,25-57,4-14,10-12,0,5,1,42,10,2,16,12
2025-11-09_boise_st_san_francisco,San Francisco,4-12,2-7,2-2,8-16,3-4,2-4,8-18,2-6,0-0,5-15,2-8,5-16,25-61,9-25,9-22,0,4,1,28,10,0,19,29
2025-11-09_boise_st_san_francisco,Boise St.,8-18,2-5,0-0,7-17,2-6,2-2,6-14,0-2,9-10,8-13,6-6,4-4,29-62,10-19,15-16,0,10,1,28,11,0,26,4
2025-11-14_san_francisco_seton_hall,Seton Hall,7-16,1-5,2-2,8-19,1-3,5-5,8-18,1-7,2-3,7-12,2-3,6-8,30-65,5-18,15-18,0,12,1,42,9,1,21,23
2025-11-14_san_francisco_seton_hall,San Francisco,3-17,0-5,0-0,3-10,1-3,2-2,11-14,5-7,3-5,8-19,1-7,4-6,25-60,7-22,9-13,0,8,1,34,25,1,20,19
2025-11-16_san_francisco_uc_san_diego,UC San Diego,4-15,0-2,5-6,8-16,1-4,4-5,7-16,3-7,0-2,6-19,2-9,4-4,25-66,6-22,13-17,1,2,0,34,15,0,24,27
2025-11-16_san_francisco_uc_san_diego,San Francisco,9-18,0-6,0-0,11-21,1-10,3-3,10-20,3-7,0-0,3-11,1-3,6-8,33-70,5-26,9-11,0,15,0,52,15,0,14,23
2025-11-20_long_beach_st_san_francisco,San Francisco,6-18,2-7,3-5,10-15,2-5,2-3,6-19,1-6,0-1,6-20,1-7,1-2,28-72,6-25,6-11,0,15,0,40,14,2,15,19
2025-11-20_long_beach_st_san_francisco,Long Beach St.,7-16,1-6,1-2,5-16,2-6,2-2,8-16,1-2,2-2,1-8,0-2,4-6,21-56,4-16,9-12,0,6,0,20,10,2,9,2
2025-11-25_san_francisco_lehigh,Lehigh,7-18,3-10,1-2,6-17,3-12,2-2,5-15,3-10,7-8,11-22,2-6,5-5,29-72,11-38,15-17,0,22,6,34,18,3,20,11
2025-11-25_san_francisco_lehigh,San Francisco,7-14,3-7,1-2,8-14,2-5,3-4,10-14,1-3,7-10,6-14,2-6,8-16,31-56,8-21,19-32,0,9,6,46,22,3,20,26
2025-11-30_san_francisco_cal_st_monterey_bay,Cal St. Monterey Bay,5-14,3-5,0-0,2-15,0-3,2-2,4-15,1-5,2-4,6-14,3-7,7-8,17-58,7-20,11-14,0,9,0,18,8,3,17,28
2025-11-30_san_francisco_cal_st_monterey_bay,San Francisco,9-20,3-6,1-2,9-11,4-5,6-6,12-16,1-2,4-5,4-10,0-4,5-6,34-57,8-17,16-19,0,9,0,50,30,3,30,65
2025-12-05_nevada_san_francisco,San Francisco,8-23,1-7,1-4,6-15,1-4,2-3,8-19,1-6,0-0,5-13,1-3,7-8,27-70,4-20,10-15,0,18,2,42,19,10,24,24
2025-12-05_nevada_san_francisco,Nevada,6-14,0-2,0-0,7-17,0-4,1-3,3-14,0-1,0-0,4-15,0-2,4-10,20-60,0-9,5-13,0,8,2,36,2,10,8,16
2025-12-06_arizona_st_san_francisco,San Francisco,4-13,1-5,4-4,3-12,1-6,0-0,4-13,1-5,3-3,5-10,1-6,1-2,16-48,4-22,8-9,0,6,5,22,6,3,17,18
2025-12-06_arizona_st_san_francisco,Arizona St.,6-16,0-4,1-2,7-12,3-4,1-4,6-11,1-2,6-8,8-13,1-3,0-0,27-52,5-13,8-14,0,7,5,32,10,3,26,22
2025-12-13_san_francisco_colorado_st,Colorado St.,4-13,2-5,3-6,5-13,0-3,4-6,11-17,4-6,4-5,4-16,1-7,3-4,24-59,7-21,14-21,0,15,1,28,8,8,16,13
2025-12-13_san_francisco_colorado_st,San Francisco,5-16,3-7,2-2,2-12,0-6,5-6,6-15,2-5,3-4,2-10,1-4,6-8,15-53,6-22,16-20,0,11,1,14,3,8,9,19
2025-12-17_san_francisco_sacramento_st,Sacramento St.,5-16,2-6,1-2,4-17,0-4,2-3,6-9,2-2,2-2,4-10,1-3,7-8,19-52,5-15,12-15,0,16,0,28,12,2,11,17
2025-12-17_san_francisco_sacramento_st,San Francisco,7-18,2-7,0-0,7-14,3-4,2-2,7-21,1-5,0-0,4-16,0-4,3-4,25-69,6-20,5-6,1,13,0,38,14,2,22,12
2025-12-28_san_francisco_oregon_st,Oregon St.,7-16,2-4,1-1,10-14,1-3,1-2,4-13,3-5,1-2,5-12,1-2,12-14,26-55,7-14,15-19,0,11,10,36,8,7,15,10
2025-12-28_san_francisco_oregon_st,San Francisco,8-18,1-4,2-2,3-10,0-1,4-4,6-16,2-4,4-4,7-17,1-6,3-5,24-61,4-15,13-15,0,4,10,36,12,7,14,15
2025-12-30_san_francisco_portland,Portland,7-17,3-7,1-2,5-16,1-4,0-0,2-11,0-1,3-4,10-14,6-7,2-2,24-58,10-19,6-8,0,11,0,28,24,1,32,16
2025-12-30_san_francisco_portland,San Francisco,5-20,0-3,2-2,6-13,2-5,0-0,11-21,5-10,1-2,5-10,1-3,2-4,27-64,8-21,5-8,0,12,0,34,24,1,33,12
2026-01-02_san_diego_san_francisco,San Francisco,7-15,2-6,0-1,4-11,3-8,3-6,4-11,1-3,4-8,6-12,1-4,3-4,21-49,7-21,10-19,0,13,0,24,10,0,13,5
2026-01-02_san_diego_san_francisco,San Diego,5-18,0-3,1-1,4-20,0-7,0-0,8-16,1-3,2-3,6-12,4-6,1-3,23-66,5-19,4-7,0,4,0,28,11,0,15,16
2026-01-04_lmu_ca_san_francisco,San Francisco,7-14,1-2,2-2,6-14,0-4,2-2,10-16,1-3,3-3,6-10,2-3,5-6,29-54,4-12,12-13,1,9,5,46,11,11,14,20
2026-01-04_lmu_ca_san_francisco,LMU (CA),9-16,1-3,1-2,4-12,1-5,6-8,5-17,1-3,6-7,8-19,1-1,5-7,26-64,4-12,18-24,0,12,5,32,9,11,14,11
2026-01-08_san_francisco_santa_clara,Santa Clara,6-18,4-8,5-5,6-16,0-3,1-4,7-17,2-4,7-7,6-15,1-6,7-11,25-66,7-21,20-27,0,8,9,34,9,17,20,21
2026-01-08_san_francisco_santa_clara,San Francisco,7-22,1-11,1-1,8-16,0-2,1-1,8-14,2-6,2-3,6-20,0-6,2-4,29-72,3-25,6-9,0,3,9,50,12,17,7,14
2026-01-15_gonzaga_san_francisco,San Francisco,8-18,1-4,2-3,7-19,1-7,1-2,7-12,0-1,5-8,6-16,1-3,2-4,28-65,3-15,10-17,0,8,9,46,18,12,19,5
2026-01-15_gonzaga_san_francisco,Gonzaga,7-13,5-7,1-2,8-13,2-3,1-1,6-13,2-5,4-5,7-13,2-5,9-9,28-52,11-20,15-17,0,9,9,28,7,12,6,18
2026-01-17_washington_st_san_francisco,San Francisco,9-15,4-7,1-2,8-21,1-9,3-3,6-21,2-8,2-8,9-15,3-5,5-5,32-72,10-29,11-18,0,22,1,36,3,2,13,24
2026-01-17_washington_st_san_francisco,Washington St.,8-17,1-3,2-2,7-14,1-3,1-2,7-16,2-7,3-4,7-12,1-3,3-4,29-59,5-16,9-12,0,4,1,36,4,2,19,21
2026-01-22_san_francisco_san_diego,San Diego,5-15,2-7,2-3,4-15,0-3,5-5,8-13,1-4,7-9,5-18,2-4,2-5,22-61,5-18,16-22,0,15,7,24,9,6,19,2
2026-01-22_san_francisco_san_diego,San Francisco,9-17,2-4,1-1,3-13,1-4,4-7,4-10,3-5,7-8,5-12,0-2,9-12,21-52,6-15,21-28,1,11,7,26,8,6,15,15
2026-01-24_san_francisco_pacific,Pacific,3-14,2-7,2-2,7-17,3-10,4-6,5-14,1-5,2-4,8-19,1-4,0-0,23-64,7-26,8-12,0,10,3,24,6,5,10,10
2026-01-24_san_francisco_pacific,San Francisco,6-20,1-6,5-7,6-18,4-8,2-4,6-17,1-6,0-0,5-12,1-4,8-12,23-67,7-24,15-23,0,13,3,30,14,5,20,5
2026-01-29_san_francisco_gonzaga,Gonzaga,8-18,4-8,0-0,2-16,1-5,1-2,6-16,0-5,7-8,4-15,2-7,7-10,20-65,7-25,15-20,0,23,7,28,8,6,16,26
2026-01-29_san_francisco_gonzaga,San Francisco,5-18,0-6,3-3,3-14,1-5,4-4,6-14,2-5,2-2,8-16,3-7,3-4,22-62,6-23,12-13,1,15,7,30,13,6,16,23
2026-01-31_oregon_st_san_francisco,San Francisco,5-15,1-3,3-3,6-17,1-3,1-2,7-16,1-2,0-0,5-14,0-3,0-0,23-62,3-11,4-5,0,7,3,34,9,2,7,23
2026-01-31_oregon_st_san_francisco,Oregon St.,9-21,3-7,2-2,4-12,0-4,0-2,8-15,1-4,6-6,8-14,2-4,3-5,29-62,6-19,11-15,0,9,3,36,8,2,16,10
2026-02-05_seattle_u_san_francisco,San Francisco,8-22,2-7,0-2,11-20,3-5,2-2,6-12,2-5,4-4,4-14,2-7,3-4,29-68,9-24,9-12,0,16,4,38,18,3,12,20
2026-02-05_seattle_u_san_francisco,Seattle U,5-11,1-1,6-6,3-17,0-7,2-2,9-14,5-9,6-6,4-13,0-6,5-7,21-55,6-23,19-21,0,10,4,26,9,3,22,3
2026-02-07_san_francisco_saint_marys_ca,Saint Mary's (CA),9-17,1-4,0-0,8-15,0-3,0-0,7-14,1-1,1-2,7-18,4-7,3-4,31-64,6-15,4-6,0,10,0,42,11,1,19,37
2026-02-07_san_francisco_saint_marys_ca,San Francisco,4-14,2-6,3-8,6-13,3-7,2-2,5-19,2-10,6-8,3-8,0-2,1-2,18-54,7-25,12-20,0,13,0,20,6,1,17,3
2026-02-14_san_francisco_pepperdine,Pepperdine,3-15,1-9,3-6,5-15,2-7,1-2,7-14,3-6,11-11,4-24,2-8,9-11,19-68,8-30,24-30,0,13,0,20,10,2,19,20
2026-02-14_san_francisco_pepperdine,San Francisco,7-16,1-6,2-3,6-12,2-4,1-1,12-17,4-6,4-5,5-12,1-4,6-6,30-57,8-20,13-15,0,5,0,40,12,2,7,19
2026-02-19_pacific_san_francisco,San Francisco,4-14,1-4,1-2,5-16,2-7,0-0,4-16,0-5,7-8,4-14,1-6,5-7,17-60,4-22,13-17,0,8,0,26,13,0,21,21
2026-02-19_pacific_san_francisco,Pacific,9-19,5-8,1-1,4-7,2-4,6-6,6-14,2-4,5-6,6-14,1-7,1-2,25-54,10-23,13-15,0,6,0,24,10,0,18,24
2026-02-21_saint_marys_ca_san_francisco,San Francisco,2-13,0-7,2-7,5-14,2-6,0-0,6-13,1-5,6-9,7-14,1-5,4-6,20-54,4-23,12-22,0,11,3,32,20,3,20,2
2026-02-21_saint_marys_ca_san_francisco,Saint Mary's (CA),7-15,2-5,0-0,7-13,2-3,0-0,7-12,0-1,0-0,3-13,1-6,3-5,24-53,5-15,3-5,0,11,3,28,5,3,11,33
2026-02-26_san_francisco_lmu_ca,LMU (CA),3-16,1-6,6-7,7-17,3-7,0-4,3-15,1-8,4-5,6-14,4-5,9-11,19-62,9-26,19-27,0,21,5,14,4,10,11,25
2026-02-26_san_francisco_lmu_ca,San Francisco,7-12,1-4,2-2,3-18,0-6,1-2,5-14,1-4,5-7,7-17,2-6,1-5,22-61,4-20,9-16,0,9,5,36,9,10,18,8
2026-02-28_santa_clara_san_francisco,San Francisco,5-14,1-5,6-6,9-19,0-4,4-6,7-15,2-4,3-3,7-18,1-3,3-5,28-66,4-16,16-20,1,14,5,48,16,5,14,25
2026-02-28_santa_clara_san_francisco,Santa Clara,7-16,3-9,2-4,4-15,3-7,2-4,3-18,1-5,5-5,10-14,3-6,9-10,24-63,10-27,18-23,0,6,5,28,12,5,28,8
2026-03-06_san_francisco_san_diego,San Diego,4-18,1-6,0-0,4-12,1-5,4-4,6-16,4-6,2-4,5-14,0-5,2-2,19-60,6-22,8-10,0,12,4,22,0,6,1,6
2026-03-06_san_francisco_san_diego,San Francisco,2-21,1-8,4-6,5-13,0-1,7-8,8-15,2-3,0-2,7-16,0-3,3-4,22-65,3-15,14-20,0,13,4,36,9,6,24,10
2026-03-07_pepperdine_san_francisco,San Francisco,12-19,4-8,0-0,5-17,4-10,1-2,7-18,3-7,4-4,8-13,2-6,4-5,32-67,13-31,9-11,0,15,0,36,9,0,29,23
2026-03-07_pepperdine_san_francisco,Pepperdine,6-18,2-7,0-0,5-10,1-4,5-6,6-14,2-5,3-4,5-12,2-6,10-11,22-54,7-22,18-21,0,12,0,30,11,0,15,13
2026-03-08_santa_clara_san_francisco,San Francisco,5-14,1-2,0-0,7-15,2-5,2-2,4-17,1-4,10-12,9-17,1-4,2-4,25-63,5-15,14-18,0,6,1,36,16,4,20,13
2026-03-08_santa_clara_san_francisco,Santa Clara,5-19,2-8,1-1,8-16,4-8,4-4,9-14,3-5,6-9,5-12,1-4,12-14,27-61,10-25,23-28,0,9,1,32,11,4,20,23
2026-03-19_san_francisco_utah_valley,Utah Valley,5-17,1-4,0-0,3-13,0-2,5-8,6-11,1-4,3-4,3-10,0-4,6-10,17-51,2-14,14-22,0,12,1,30,2,1,10,17
2026-03-19_san_francisco_utah_valley,San Francisco,6-14,1-5,2-2,9-12,5-7,1-3,7-13,2-5,2-2,7-12,2-3,7-11,29-51,10-20,12-18,0,7,1,36,27,1,27,28
2026-03-22_montana_st_san_francisco,San Francisco,5-17,1-4,0-1,5-20,2-9,1-4,4-17,2-7,0-0,7-13,1-5,4-10,21-67,6-25,5-15,0,10,3,26,9,4,8,12
2026-03-22_montana_st_san_francisco,Montana St.,4-20,1-9,0-0,7-14,2-6,6-10,9-22,3-10,6-8,4-17,2-11,1-2,24-73,8-36,13-20,0,10,3,28,11,4,24,18
